id,شركة,نوع الشركة,رقم الاتفاقية/العقد,النوع,تاريح البداية,تاريخ النهاية,عدد الرخص,الولاية,المحلية,رقم المربع,المعدن,حالة الاتفاقية/العقد
525,A D G MINING CO.LTD,امتياز استكشاف,SK 31B,إتفاقية,2021-10-20,2024-10-19,1,جنوب كردفان,تلودي,SK 31B,نحاس,مجمدة
394,ALALMASS FOR MINERALLZATION,امتياز استكشاف,J12,إتفاقية,2011-10-03,2025-05-01,1,القضارف,البطانة,J12,ذهب,سارية
514,ALGENAID MULTI ACTIVITIES CO.LTD,امتياز استكشاف,NS-37,إتفاقية,2020-10-15,2022-10-14,1,الشمالية,حلفا,NS-37,ذهب,غير سارية
513,ALGENAID MULTI ACTIVITIES CO.LTD,امتياز استكشاف,NS-B1,إتفاقية,2020-10-15,2022-10-14,1,الشمالية,حلفا,NS-B1,ذهب,غير سارية
480,ALGUNADE FOR MULTI ACTIVITIES CO.LTD,امتياز استكشاف,A55,إتفاقية,2018-04-22,2027-04-17,1,جنوب دارفور,الردوم,A55,نحاس، ذهب,سارية
511,ALMGFOLA FOR MINING,امتياز استكشاف,2B1,إتفاقية,2020-12-15,2024-09-19,1,البحر الأحمر,حلايب,2B1,ذهب,غير سارية
521,ALMIZAN FOR PETROLEUM SERVICES AND MINING CO.LTD,امتياز استكشاف,RS2A-1,إتفاقية,2021-08-25,2024-08-24,1,البحر الأحمر,جبيت,RS2A-1,ذهب,غير سارية
544,ALNASEER INTERNATIONAL CO.LTD,امتياز استكشاف,RS-64-D1,إتفاقية,2023-03-16,2027-03-15,1,البحر الأحمر,القنب والأوليب,RS-64-D1,ذهب,سارية
543,ALNASEER INTERNATIONAL CO.LTD,امتياز استكشاف,RS-57H,إتفاقية,2022-12-07,2026-12-26,1,البحر الأحمر,القنب والأوليب,RS-57H,ذهب,سارية
397,ALNHDA MINING CO.LTD,امتياز استكشاف,GS12,إتفاقية,2014-03-26,2022-08-29,1,القضارف,قلع النحل,GS12,ذهب,غير سارية
498,AL SHATI COMPANY FOR MINING LIMITED,امتياز استكشاف,RN45A,إتفاقية,2020-09-24,2022-09-13,1,نهر النيل,سيدون,RN45A,ذهب,غير سارية
539,ALTAGEER INVESTMENT CO.LTD,امتياز استكشاف,RS05B,إتفاقية,2022-06-27,2026-06-26,1,البحر الأحمر,القنب والأوليب,RS05B,الرمال السوداء,سارية
550,ALTALE MINING & INVESTMENT CO.LTD,امتياز استكشاف,RS-RN30U,إتفاقية,2024-08-28,2028-08-27,1,البحر الأحمر,هيا,RS-RN30U,ذهب,سارية
517,ARIAB MINING CO.LTD,امتياز استكشاف,NS26,إتفاقية,2020-10-15,2022-10-14,1,الشمالية,حلفا,NS26,ذهب,غير سارية
518,ARIAB MINING CO.LTD,امتياز استكشاف,NS 27,إتفاقية,2020-10-15,2022-10-14,1,الشمالية,حلفا,NS 27,ذهب,غير سارية
516,ARIAB MINING CO.LTD,امتياز استكشاف,NS 25,إتفاقية,2020-10-15,2022-10-14,1,الشمالية,حلفا,NS 25,ذهب,غير سارية
515,ARIAB MINING CO.LTD,امتياز استكشاف,NS 24,إتفاقية,2020-10-15,2022-10-14,1,الشمالية,حلفا,NS 24,ذهب,غير سارية
412,ASPIRE NATURAL RESOURCES CO.LTD,امتياز استكشاف,68A,إتفاقية,2014-11-02,2023-02-01,1,البحر الأحمر,جبيت,68A,ذهب,غير سارية
458,BRINSLEY ENTERPRISES LTD,امتياز استكشاف,5,إتفاقية,2003-09-06,2023-10-06,1,البحر الأحمر,جبيت,5,ذهب,سارية
1716,BTANUS INTERNATIONAL SERVIES CO.LTD,امتياز استكشاف,RS-204,,2026-02-24,2030-02-23,1,البحر الأحمر,,RS-204,ذهب,سارية
536,CHINA HAINA BAICHUAN INTERNATIONAL INVESTMENT CO.LTD,امتياز استكشاف,NS-R13,إتفاقية,2022-05-12,2026-05-11,1,الشمالية,حلفا,NS-R13,نحاس,سارية
489,CONCORP MINING CO.LTD,امتياز استكشاف,SK9,إتفاقية,2019-01-07,2021-01-06,1,جنوب كردفان,كادقلي,SK9,ذهب,غير سارية
535,CREEPER INTEGRATED SOLUTIONS,امتياز استكشاف,NS-1CB,إتفاقية,2022-05-12,2026-05-11,1,الشمالية,حلفا,NS-1CB,ذهب,سارية
548,DAL MINING INVESTMENT CO.LTD,امتياز استكشاف,RN-RS-B,إتفاقية,2024-01-15,2028-01-14,1,نهر النيل,ابوحمد,RN-RS-B,ذهب، نحاس,سارية
547,DAL MINING INVESTMENT CO.LTD,امتياز استكشاف,RS-31A,إتفاقية,2024-01-15,2028-01-14,1,البحر الأحمر,القنب والأوليب,RS-31A,ذهب، نحاس,سارية
492,DAL Mining Investment Company LTD,امتياز استكشاف,RNSR1,إتفاقية,2019-02-14,2026-02-12,1,نهر النيل,ابوحمد,RNSR1,ذهب,سارية
540,DENMEAD PETROLEUM L.L.C,امتياز استكشاف,RS6M,إتفاقية,2022-03-30,2026-03-29,1,البحر الأحمر,القنب والأوليب,RS6M,ذهب,سارية
488,DESERT MINERALS CO LTD,امتياز استكشاف,RS-64D,إتفاقية,2018-12-20,2025-12-19,1,البحر الأحمر,هيا,RS-64D,ذهب,ملغية
528,DESERT MINERALS CO.LTD,امتياز استكشاف,RS30F-1,إتفاقية,2021-06-21,2024-06-29,1,البحر الأحمر,هيا,RS30F-1,نحاس,ملغية
425,DONGALA-ARGEEN HIGH WAY FOR INVESTMENT COMPANY LIMITED,امتياز استكشاف,50,إتفاقية,2010-11-07,2019-09-20,1,الشمالية,حلفا,50,ذهب,غير سارية
538,ELMUBARK ELTAYEB MINING,امتياز استكشاف,NS 1CE,إتفاقية,2022-03-30,2026-03-29,1,الشمالية,حلفا,NS 1CE,ذهب,سارية
407,EL Rand for Advance Business Company.Ltd,امتياز استكشاف,16B,إتفاقية,2014-06-16,2022-01-14,1,البحر الأحمر,جبيت,16B,ذهب,غير سارية
421,FINE GOLD TRADING COMPANY LIMITED,امتياز استكشاف,39,إتفاقية,2010-11-07,2022-09-27,1,شمال كردفان,بارا,39,ذهب,غير سارية
508,FREEDOM COMPANY LIMITED,امتياز استكشاف,RS-5A,إتفاقية,2020-10-15,2024-12-17,1,البحر الأحمر,جبيت,RS-5A,ذهب,سارية
500,HADEEL For DEVELOPED POROJECT CO.LTD,امتياز استكشاف,RN33,إتفاقية,2020-09-24,2023-09-23,1,نهر النيل,ابوحمد,RN33,ذهب,غير سارية
415,HUSSIEN MADAWI BARAKA & SONS COMPANY LIMITED,امتياز استكشاف,32,إتفاقية,2010-06-24,2023-05-03,1,نهر النيل,ابوحمد,32,ذهب,غير سارية
522,INTERNET TRADING & TRANSPORT INTERNATIONAL CO.LTD,امتياز استكشاف,RS 16M,إتفاقية,2021-08-25,2026-08-24,1,البحر الأحمر,جبيت,RS 16M,ذهب,سارية
549,JOINT STOCK COMPANY ZARUBEZHGEOLOGIA,امتياز استكشاف,NS24-A,إتفاقية,2024-06-08,2028-06-07,1,الشمالية,دلقو,NS24-A,نحاس، ذهب، زنك,سارية
523,JWEELS FOR MINING,امتياز استكشاف,RS 3A-1,إتفاقية,2021-06-17,2025-08-01,1,البحر الأحمر,جبيت,RS 3A-1,ذهب,غير سارية
551,KALDOFAN FOR MINING CO.LTD,امتياز استكشاف,RS-5F-1,إتفاقية,2024-08-28,2028-08-27,1,البحر الأحمر,القنب والأوليب,RS-5F-1,ذهب,سارية
507,KALDOFAN FOR MINING CO.LTD,امتياز استكشاف,RS-5F,إتفاقية,2020-09-24,2026-11-24,1,البحر الأحمر,جبيت,RS-5F,ذهب,سارية
400,KAMBAL INTERNATIONAL CO.,امتياز استكشاف,78,إتفاقية,2011-10-27,2022-01-05,1,كسلا,تلكوك,78,ذهب,غير سارية
495,KHADAMAAT ALTADEEN FOR INTEGRATED SOLUTIONS CO.LTD,امتياز استكشاف,RS-19A-1,إتفاقية,2020-09-24,2023-09-23,1,البحر الأحمر,درديب,RS-19A-1,ذهب,غير سارية
496,KHADAMAAT ALTADEEN FOR INTEGRATED SOLUTIONS CO.LTD,امتياز استكشاف,RS8H,إتفاقية,2020-09-24,2023-09-23,1,البحر الأحمر,درديب,RS8H,ذهب,غير سارية
494,KHADAMAAT ALTADEEN FOR INTEGRATED SOLUTIONS CO.LTD,امتياز استكشاف,RS8F,إتفاقية,2020-09-24,2024-03-09,1,البحر الأحمر,درديب,RS8F,ذهب,غير سارية
527,KHALDOFAN FOR MINING CO.LTD,امتياز استكشاف,NK F1,إتفاقية,2021-10-20,2025-04-04,1,شمال كردفان,ام روابة,NK F1,فلورايت,غير سارية
526,KHALID ALFAKI AHMED RAHMA MINING ENTERPRISES,امتياز استكشاف,RS-12C,إتفاقية,2021-08-25,2026-12-26,1,البحر الأحمر,القنب والأوليب,RS-12C,ذهب,سارية
414,KUSH FOR EXPLORATION & PRODUCTION CO.LTD,امتياز استكشاف,30,إتفاقية,2013-04-30,2025-08-24,1,البحر الأحمر,هيا,30,ذهب,سارية
520,LBTY STEEL CO.LTD SUDAN,امتياز استكشاف,WK48-A1,إتفاقية,2021-08-25,2024-08-24,1,غرب كردفان,الفولة,WK48-A1,ذهب,غير سارية
1644,MABROUKA PETROLEUM CO.LTD,امتياز استكشاف,RS12-N1,إتفاقية,2025-08-28,2025-08-27,1,البحر الأحمر,,RS12-N1,ذهب,سارية
524,MAGDACO FOR MINING,امتياز استكشاف,WK-5,إتفاقية,2021-06-17,2024-06-16,1,جنوب كردفان,ابوجبيهة,WK-5,ذهب,غير سارية
401,MALDEIF MINING CO.LTD,امتياز استكشاف,5A,إتفاقية,2011-08-02,2023-12-25,1,البحر الأحمر,جبيت,5A,ذهب,سارية
418,MANAHOLDING CO.LTD,امتياز استكشاف,24,إتفاقية,2008-09-14,2026-06-06,1,نهر النيل,بربر,24,ذهب,سارية
1636,M & A OIL TRANDING & SERVICES CO.LTDLDVYK,امتياز استكشاف,RS05-A,,2025-04-05,2029-04-04,1,البحر الأحمر,,RS05-A,الرمال السوداء,سارية
490,MTA COMPANY.LTD,امتياز استكشاف,RS7,إتفاقية,2018-11-21,2023-11-20,1,البحر الأحمر,القنب والأوليب,RS7,ذهب,غير سارية
491,MTA COMPANY.LTD,امتياز استكشاف,RS4-A,إتفاقية,2018-11-21,2021-11-20,1,البحر الأحمر,هيا,RS4-A,ذهب,غير سارية
542,MUSLIH NASSAR INTERNATIONAL FOR MINING & SERVICES,امتياز استكشاف,30K2,إتفاقية,2022-12-28,2028-05-08,1,البحر الأحمر,هيا,30K2,ذهب,سارية
519,MUZUN FOR MINING CO.LTD,امتياز استكشاف,26A-1,إتفاقية,2021-08-25,2024-08-24,1,نهر النيل,عطبرة,26A-1,ذهب,غير سارية
440,OAM   للتعدين المحدودة,امتياز استكشاف,67A,إتفاقية,2015-02-02,2021-02-01,1,البحر الأحمر,حلايب,67-A,ذهب,غير سارية
459,OKO MINING INVESTMENTS CO.LTD,امتياز استكشاف,13\6,إتفاقية,2008-09-16,2025-12-16,1,البحر الأحمر,القنب والأوليب,13\6,ذهب,سارية
545,OPAL MINING CO.LTD,امتياز استكشاف,NS-R2,إتفاقية,2022-05-12,2026-05-11,1,الشمالية,حلفا,NS-R2,ذهب,سارية
546,ORC MULTI PURPOSE CO.LTD,امتياز استكشاف,RNS-30S,إتفاقية,2023-11-01,2027-10-31,1,نهر النيل,سيدون,RNS-30S,ذهب,سارية
537,OSTORIA FOR ADVANCED BUSINESS CO.LTD,امتياز استكشاف,RS12F,إتفاقية,2021-06-17,2026-08-06,1,البحر الأحمر,القنب والأوليب,RS12F,ذهب,سارية
530,PAN AFRICAN RESOURCES MINERALS CO.LTD,امتياز استكشاف,RS12A-S,إتفاقية,2021-12-14,2025-07-05,1,البحر الأحمر,القنب والأوليب,RS12A-S,ذهب,غير سارية
533,PAN AFRICAN RESOURCES MINERALS CO.LTD,امتياز استكشاف,RS 12K,إتفاقية,2022-03-30,2026-03-29,1,البحر الأحمر,القنب والأوليب,RS 12K,ذهب,سارية
532,PAN AFRICAN RESOURCES MINERALS CO.LTD,امتياز استكشاف,RS 12E,إتفاقية,2022-03-30,2027-03-21,1,البحر الأحمر,القنب والأوليب,RS 12E,ذهب,سارية
529,PAN AFRICAN RESOURCES MINERALS CO.LTD,امتياز استكشاف,RS12A-N,إتفاقية,2021-12-14,2025-07-05,1,البحر الأحمر,القنب والأوليب,RS12A-N,ذهب,غير سارية
531,PAN AFRICAN RESOURCES MINERALS CO.LTD,امتياز استكشاف,RS 12D,إتفاقية,2022-03-30,2026-03-29,1,البحر الأحمر,القنب والأوليب,RS 12D,ذهب,سارية
552,PETRONEEDS SERVICES INTERNATIONAL CO.LTD,امتياز استكشاف,KS78A,إتفاقية,2024-08-28,2028-08-27,1,كسلا,,KS78A,ذهب,سارية
404,QMSD MINING CO.LTD,امتياز استكشاف,62,إتفاقية,2013-04-12,2025-04-10,1,البحر الأحمر,جبيت,62,ذهب,سارية
444,QMSD MINING CO.LTD,امتياز استكشاف,62B,إتفاقية,2014-07-07,2026-07-06,1,البحر الأحمر,جبيت,62B,ذهب,سارية
509,SHANDONG WEIHAI FOUNDATION ENGINEERING CO.LTD,امتياز استكشاف,RS-13,إتفاقية,2020-12-20,2025-06-26,1,البحر الأحمر,هيا,RS-13,ذهب,غير سارية
497,SHUN XIANG ALALAMEYA TRADING AND INVESTMENT CO.LTD,امتياز استكشاف,9P7,إتفاقية,2020-09-24,2022-09-23,1,البحر الأحمر,درديب,9P7,نحاس,غير سارية
417,SOFT JATHASU FOR INVESTMENT CO.LTD,امتياز استكشاف,RNS8,إتفاقية,2014-02-25,2025-04-03,1,نهر النيل,ابوحمد,RNS8,ذهب,غير سارية
534,SUDABO TRADING AND INVESTMENT CO.LTD,امتياز استكشاف,14B-4,إتفاقية,2022-03-30,2027-03-28,1,نهر النيل,ابوحمد,14B-4,ذهب,سارية
510,SUDAMATIC TRADING CO.LTD,امتياز استكشاف,RS77,إتفاقية,2020-12-15,2023-12-14,1,البحر الأحمر,حلايب,RS77,ذهب,غير سارية
512,SUDAMIN COMPANY LIMITED,امتياز استكشاف,1CA,إتفاقية,2020-10-15,2022-10-14,1,الشمالية,حلفا,1CA,ذهب,غير سارية
395,Sudasam Mining for copper and Lead CO.Ltd,امتياز استكشاف,GS13,إتفاقية,2013-09-26,2025-04-15,1,القضارف,قلع النحل,GS13,نحاس، ذهب,سارية
1703,THIRTY FIVE MADEN YATIRIMLARI ANONIM SIRKETI,امتياز استكشاف,RS-7B8,إتفاقية,2026-03-12,2030-03-11,1,البحر الأحمر,,RS-7B8,ذهب,سارية
1702,THIRTY FIVE MADEN YATIRIMLARI ANONIM SIRKETI,امتياز استكشاف,56H,إتفاقية,2026-03-12,2030-03-11,1,البحر الأحمر,,56H,ذهب,سارية
433,T.W.N.   للتعدين المحدودة,امتياز استكشاف,17 C,إتفاقية,2014-10-06,2023-02-14,1,الشمالية,دلقو,17 C,ذهب,ملغية
506,WANBAO SAHARA MINING CO.LTD,امتياز استكشاف,RS66C,إتفاقية,2020-10-15,2025-05-15,1,البحر الأحمر,درديب,RS66C,ذهب,غير سارية
505,WANBAO SAHARA MINING CO.LTD,امتياز استكشاف,RS66B,إتفاقية,2020-10-15,2025-05-15,1,البحر الأحمر,درديب,RS66B,ذهب,غير سارية
501,WANBAO SAHARA MINING CO.LTD,امتياز استكشاف,RS64A,إتفاقية,2020-10-15,2025-05-15,1,البحر الأحمر,درديب,RS64A,ذهب,غير سارية
504,WANBAO SAHARA MINING CO.LTD,امتياز استكشاف,RS66A,إتفاقية,2020-10-15,2025-05-15,1,البحر الأحمر,درديب,RS66A,ذهب,غير سارية
502,WANBAO SAHARA MINING CO.LTD,امتياز استكشاف,RS64B,إتفاقية,2020-10-15,2025-05-15,1,البحر الأحمر,درديب,RS-64B,ذهب,غير سارية
503,WANBAO SAHARA MINING CO.LTD,امتياز استكشاف,RS64C,إتفاقية,2020-10-15,2025-05-15,1,البحر الأحمر,درديب,RS64C,ذهب,غير سارية
541,WD ALGAMALY MULTI ACTIVITIES CO.LTD,امتياز استكشاف,RS-S1,إتفاقية,2022-08-25,2026-08-24,1,البحر الأحمر,حلايب,RS-S1,ذهب,سارية
499,YAMANI FOR DEVELOPMENT CO.LTD,امتياز استكشاف,SK31A,إتفاقية,2020-09-24,2022-09-23,1,جنوب كردفان,الليري,SK31A,ذهب,غير سارية
408,ZAT EL EMAT Industry CO.LTD,امتياز استكشاف,16A,إتفاقية,2014-05-25,2024-10-24,1,البحر الأحمر,جبيت,16A,ذهب,غير سارية
430,آيات لخدمات حقول البترول المحدودة,امتياز استكشاف,65,إتفاقية,2006-03-13,2024-06-04,1,النيل الازرق,قيسان,65,ذهب,سارية
84,أبو حنيفة للنقل و التجارة المحدودة,مخلفات,72,عقد,2025-09-29,2028-09-28,1,جنوب كردفان,ابوجبيهة,0,ذهب,سارية
1604,أتش ام بي قولد المحدودة,امتياز منتجة,2/2025,عقد,2023-08-30,2053-08-29,1,نهر النيل,ابوحمد,32,ذهب,سارية
1220,أثير للتعدين,تعدين صغير,2025/36,رخصة بحث مطلق,2024-08-11,2026-08-10,1,البحر الأحمر,هيا,36/2025,ذهب,سارية
1087,أحمد الطيب,تعدين صغير,2014/7,عقد,2014-10-13,2024-10-12,1,البحر الأحمر,سواكن,2014/7,ملح,غير سارية
201,أدرمو للتعدين المحدودة,امتياز منتجة,2023/1,,2023-03-14,2043-03-14,1,البحر الأحمر,جبيت المعادن,5B,ذهب,سارية
1221,أدلهف للتعدين,تعدين صغير,1ط - 2024,عقد,2022-02-01,2027-01-31,2,البحر الأحمر,هيا,1ط - 2024,ذهب,سارية
158,أدهم للتعدين,مخلفات,39,عقد,2024-02-12,2026-02-11,1,النيل الازرق,ود الماحى,0,ذهب,غير سارية
1523,أرزاق لأعمال التعدين,مخلفات,41,عقد,2024-09-11,2027-09-10,1,الشمالية,وادي حلفا,,ذهب,سارية
462,أرياب للتعدين,امتياز استكشاف,11\18,إتفاقية,1900-01-01,2099-12-31,1,البحر الأحمر,القنب والأوليب,11\18,ذهب,سارية
189,أرياب للتعدين المحدودة,امتياز منتجة,1997/1,,2004-03-16,2025-03-16,25,البحر الأحمر,القنب والأوليب,"11,18",ذهب,سارية
86,أس ام تي للمشاريع المتطورة المحدودة,مخلفات,134,عقد,2021-06-03,2024-06-02,1,الشمالية,دلقو,0,ذهب,غير سارية
1089,أسمنت عطبرة المحدودة,تعدين صغير,3735-3802,عقد,2023-06-25,2028-06-24,68,نهر النيل,عطبرة,3735-3802,رخام,سارية
1088,أسمنت عطبرة المحدودة,تعدين صغير,3803-3814,عقد,2023-06-25,2028-06-24,12,نهر النيل,عطبرة,3803-3814,رخام,سارية
1436,أسمنت عطبرة المحدودة,تعدين صغير,3824,عقد,2008-10-09,2017-12-03,4,نهر النيل,بربر,3824,رخام,تنازل
1394,أسمنت عطبرة المحدودة,تعدين صغير,3821,عقد,2008-10-09,2017-12-03,7,نهر النيل,بربر,3821,رخام,تنازل
1437,أسمنت عطبرة المحدودة,تعدين صغير,3825,عقد,2008-10-09,2017-12-03,2,نهر النيل,بربر,3825,رخام,تنازل
1434,أسمنت عطبرة المحدودة,تعدين صغير,3822,عقد,2008-10-09,2017-12-03,6,نهر النيل,بربر,3822,رخام,تنازل
1435,أسمنت عطبرة المحدودة,تعدين صغير,3823,عقد,2008-10-09,2017-12-03,6,نهر النيل,بربر,3823,رخام,تنازل
1541,أعمال أبو طعم للتعدين,مخلفات,28,عقد,2025-01-08,2028-01-07,1,القضارف,البطانة,,ذهب,سارية
479,أعمال أنفاس للتعدين,امتياز استكشاف,C12,إتفاقية,2018-03-13,2023-03-11,1,القضارف,البطانة,C12,ذهب,ملغية
1230,أعمال إستكشاف للتعدين,تعدين صغير,35/2019,رخصة بحث مطلق,2019-04-28,2020-04-27,1,نهر النيل,ابوحمد,35/2019,ذهب,غير سارية
580,أعمال الحاج محمد أحمد للتعدين,مخلفات,216,عقد,2020-01-31,2023-01-30,1,شمال كردفان,سودري,0,ذهب,غير سارية
1720,أعمال الحارث للتعدين ( المؤسسة التعاونية للشرطة ),مخلفات,معالجة مسبقا 276,عقد,2026-03-31,2027-03-30,1,البحر الأحمر,هيا,,ذهب,سارية
973,أعمال الحديبة للتعدين,تعدين صغير,5/2022,رخصة بحث مطلق,2022-03-03,2023-03-02,1,جنوب دارفور,الردوم,5/2022,ذهب,غير سارية
1764,أعمال الدولي لتعدين الذهب والمعادن الأخري,تعدين صغير,11/2017,رخصة بحث مطلق,2017-02-20,2018-02-19,1,الشمالية,القولد,11/2017,ذهب,غير سارية
1227,أعمال الدولي لتعدين الذهب والمعادن الأخري,تعدين صغير,12/2017,رخصة بحث مطلق,2017-02-20,2018-02-19,1,الشمالية,القولد,12/2017,ذهب,غير سارية
1226,أعمال الدولي لتعدين الذهب والمعادن الأخري,تعدين صغير,13/2017,رخصة بحث مطلق,2017-02-20,2018-02-19,1,الشمالية,القولد,13/2017,ذهب,غير سارية
1228,أعمال العبيداب للتعدين,تعدين صغير,67/2021,رخصة بحث مطلق,2021-12-27,2022-12-26,1,نهر النيل,ابوحمد,67/2021,ذهب,غير سارية
1800,أعمال العفاية للتعدين ومعالجة الكرته,مخلفات,310,عقد,2026-07-01,2029-06-30,1,القضارف,البطانة,,ذهب,سارية
1773,أعمال الكليم للتعدين (شركة الميراء للتجارة والاستثمار المحدودة),مخلفات,294,عقد,2026-02-16,2029-02-15,1,الشمالية,وادي حلفا,,ذهب,سارية
1610,أعمال المجموعة الدولية للتعدين,امتياز استكشاف,NS-17H,إتفاقية,2025-05-07,2029-05-06,1,الشمالية,,NS-17H,ذهب,سارية
1609,أعمال المجموعة الدولية للتعدين,امتياز استكشاف,RS-5H,إتفاقية,2025-05-08,2029-05-07,1,البحر الأحمر,,RS-5H,ذهب,سارية
1229,أعمال المعز إبراهيم اتيم للتعدين,تعدين صغير,16/2025,رخصة بحث مطلق,2025-04-10,2026-04-09,1,الشمالية,دلقو,16/2025,ذهب,سارية
80,أعمال الناير للتعدين,مخلفات,112,عقد,2025-09-07,2028-09-06,1,الشمالية,الدبة,0,ذهب,سارية
1427,أعمال الوسيم للتعدين,تعدين صغير,38/2024,رخصة بحث مطلق,2024-10-16,2025-10-15,1,الشمالية,دلقو,38/2024,ذهب,غير سارية
1428,أعمال الوسيم للتعدين,تعدين صغير,39/2024,رخصة بحث مطلق,2024-10-16,2025-10-15,1,الشمالية,دلقو,39/2024,ذهب,غير سارية
1572,أعمال الوسيم للتعدين,تعدين صغير,6 /2025,رخصة بحث مطلق,2025-02-10,2026-02-09,1,الشمالية,دلقو,6 /2025,ذهب,غير سارية
125,أعمال بان قلف للتعدين,مخلفات,35,عقد,2024-04-26,2027-04-25,1,البحر الأحمر,القنب والأوليب,0,ذهب,سارية
1686,أعمال بشائر ابوكريم للتعدين,مخلفات,257,عقد,2026-01-26,2029-01-25,1,البحر الأحمر,جبيت,,ذهب,سارية
1542,أعمال تبن للتعدين,مخلفات,29,عقد,2025-01-20,2028-01-19,1,النيل الازرق,ود الماحى,,ذهب,سارية
31,أعمال ذكرى للتعدين,مخلفات,199,عقد,2018-04-22,2020-04-21,1,نهر النيل,ابوحمد,0,ذهب,غير سارية
37,أعمال سآوى لمعالجة مخلفات التعدين التقليدي,مخلفات,187,عقد,2017-05-07,2019-05-06,1,نهر النيل,ابوحمد,0,ذهب,غير سارية
1234,أعمال سندس للتعدين,تعدين صغير,2025/33,رخصة بحث مطلق,2025-07-29,2026-07-28,1,الشمالية,دلقو,33/2025,ذهب,سارية
1235,أعمال سيد أحمد عوض للتعدين,تعدين صغير,34/2024,رخصة بحث مطلق,2024-09-19,2025-09-18,2,الشمالية,دلقو,34/2024,ذهب,غير سارية
1420,أعمال سيد أحمد عوض للتعدين,تعدين صغير,34/2024,رخصة بحث مطلق,2024-09-19,2025-09-18,1,الشمالية,دلقو,34/2024,ذهب,غير سارية
1741,أعمال شبيلو للتعدين,مخلفات,288,عقد,2026-05-16,2029-05-15,1,جنوب كردفان,الليري,,ذهب,سارية
1236,أعمال شرف الدين حسين,تعدين صغير,49/2024,رخصة بحث مطلق,2024-12-30,2025-12-29,1,الشمالية,دنقلا,49/2024,ذهب,غير سارية
1237,أعمال صلاح عبدالله للتعدين(تلك),تعدين صغير,20/2018,عقد,2018-07-22,2023-07-21,2,نهر النيل,ابوحمد,20/2018,تلك,غير سارية
1238,أعمال عادل ميرغني الرفاعي,تعدين صغير,69/2021,رخصة بحث مطلق,2021-12-28,2022-12-27,1,الشمالية,دلقو,69/2021,ذهب,غير سارية
1239,أعمال علي حرازم للتعدين,تعدين صغير,29/2021,رخصة بحث مطلق,2021-06-23,2022-06-22,1,الشمالية,دنقلا,29/2021,ذهب,غير سارية
581,أعمال علي فضل السيد للتعدين,مخلفات,180,عقد,2017-03-30,2019-03-29,1,شمال كردفان,جبرة الشيخ,0,ذهب,غير سارية
164,أعمال عمر عثمان للتعدين,مخلفات,53,عقد,2024-02-14,2027-02-13,1,البحر الأحمر,القنب والأوليب,0,ذهب,سارية
1240,أعمال قورتي للتعدين,تعدين صغير,45/2021,رخصة بحث مطلق,2021-08-31,2022-08-30,1,الشمالية,دلقو,45/2021,ذهب,غير سارية
1241,أعمال كارفور للتعدين,تعدين صغير,61/2021,رخصة بحث مطلق,2021-11-04,2022-11-03,1,الشمالية,حلفا,61/2021,ذهب,غير سارية
1242,أعمال كمبا للتعدين,تعدين صغير,22/2022,رخصة بحث مطلق,2022-05-26,2023-05-25,1,الشمالية,دلقو,22/2022,ذهب,غير سارية
1243,أعمال لوازن للتعدين,تعدين صغير,4/2020,رخصة بحث مطلق,2020-02-10,2021-02-09,1,الشمالية,حلفا,4/2020,ذهب,غير سارية
1244,أعمال مصطفي عبد الله للتعدين,تعدين صغير,43/2018,رخصة بحث مطلق,2018-11-26,2019-11-25,1,نهر النيل,ابوحمد,43/2018,تلك,غير سارية
1788,أعمال منجم ال جامع للتعدين (القردود ),مخلفات,305,عقد,2026-05-25,2029-05-24,1,جنوب كردفان,قدير,,ذهب,سارية
1245,أعمال مهنا للتعدين,تعدين صغير,48/2021,رخصة بحث مطلق,2021-09-14,2022-09-13,1,القضارف,البطانة,48/2021,ذهب,غير سارية
1711,أعمال ميراف للتعدين,مخلفات,273,عقد,2026-04-19,2029-04-18,1,جنوب كردفان,الليري,273,رخام، حديد، نحاس، فلورايت، الرمال السوداء، كروم، ملح، كاولين، منجنيز، الرخام، جارنت، فلسبار، جبص، مايكا، سيليكا، كوارتز، تلك، كيانايت، طفلة، زنك، جرافايت، رمال بيضاء، الكوبالت CO,سارية
1246,أعمال نبنتود للتعدين,تعدين صغير,32/2024,رخصة بحث مطلق,2024-09-10,2025-09-09,1,الشمالية,دلقو,32/2024,ذهب,غير سارية
1247,أعمال نبنتود للتعدين,تعدين صغير,33/2024,رخصة بحث مطلق,2024-09-10,2025-09-09,1,الشمالية,دلقو,33/2024,ذهب,غير سارية
571,أعمال نوش للتعدين (غرب كردفان),مخلفات,234,عقد,2018-01-12,2020-01-11,1,غرب كردفان,النهود,0,ذهب,غير سارية
1249,أعمال هشام الدين إبراهيم للتعدين,تعدين صغير,35/2016,رخصة بحث مطلق,2016-07-26,2017-07-25,1,الشمالية,حلفا,35/2016,ذهب,غير سارية
1250,أعمال هنجارة للتعدين,تعدين صغير,1/2017,رخصة بحث مطلق,2017-01-05,2018-01-04,1,الشمالية,الشمالية,1/2017,ذهب,غير سارية
1251,أعمال هنجارة للتعدين,تعدين صغير,41/2024,رخصة بحث مطلق,2024-11-11,2025-11-10,1,الشمالية,الشمالية,41/2024,ذهب,غير سارية
1252,أعمال هنجارة للتعدين,تعدين صغير,34/2016,رخصة بحث مطلق,2016-07-24,2017-07-23,1,الشمالية,الشمالية,34/2016,ذهب,غير سارية
1362,أعمال هنجارة للتعدين,تعدين صغير,2021/4,عقد,2021-08-01,2026-07-31,1,الشمالية,دنقلا,2021/4,ذهب,سارية
82,أعمال ود الخير للتعدين,مخلفات,88,عقد,2025-06-07,2028-06-06,1,الشمالية,دلقو,0,ذهب,سارية
217,أعمال ود الخير للتعدين,مخلفات,88/حجر معدنيين,عقد,2025-11-08,2026-11-07,1,الشمالية,دلقو,0,ذهب,سارية
1253,أعمال ود العاسبيدو للتعدين,تعدين صغير,18/2026,رخصة بحث مطلق,2026-05-21,2027-05-20,1,القضارف,البطانة,18/2026,ذهب,سارية
1254,ألس للأعمال المتقدمة المحدودة,تعدين صغير,38/2015,رخصة بحث مطلق,2015-10-29,2016-10-28,1,الشمالية,دنقلا,38/2015,ذهب,غير سارية
467,أم القرى للتعدين,امتياز استكشاف,30A,إتفاقية,2016-10-31,2024-08-30,1,البحر الأحمر,هيا,30-A,ذهب,سارية
187,أمدرمان للتعدين المحدودة,امتياز منتجة,2012/31,,2024-01-09,2034-01-09,2,نهر النيل,بربر,23,ذهب,سارية
1430,أمدرمان للتعدين المحدودة,امتياز منتجة,مربع 23/ حجر,,2024-07-21,2025-07-20,1,نهر النيل,بربر,23,ذهب,سارية
1409,أمروس للتعدين,تعدين صغير,15/2024,رخصة بحث مطلق,2024-04-01,2025-03-31,1,البحر الأحمر,حلايب,15/2024,ذهب,غير سارية
1402,أم ضفيرة,تعدين صغير,21/2026,رخصة بحث مطلق,2026-05-24,2027-05-23,1,البحر الأحمر,جبيت المعادن,21/2026,ذهب,سارية
30,أم عوادة لخدمات الذهب التقليدي,مخلفات,222,عقد,2026-01-13,2029-01-12,1,نهر النيل,ابوحمد,0,ذهب,سارية
210,أم عوادة لخدمات الذهب التقليدي,مخلفات,222/حجر معدنيين,عقد,2020-01-13,2023-01-12,1,نهر النيل,ابوحمد,0,ذهب,غير سارية
1456,أمين مصطفى محمد,تعدين صغير,147,عقد,1999-10-27,2020-10-26,3,البحر الأحمر,القنب والأوليب,147,جبص,ملغية
1256,أو أم بي للتعدين,تعدين صغير,40/2025,رخصة بحث مطلق,2026-08-02,2027-08-01,1,نهر النيل,ابوحمد,40/2026,ذهب,سارية
477,أوبال كواريز,امتياز استكشاف,30G,إتفاقية,2017-11-23,2022-11-21,1,البحر الأحمر,هيا,30G,ذهب,غير سارية
1257,أورا للتعدين والأعمال المتقدمة,تعدين صغير,52/2017,رخصة بحث مطلق,2017-11-29,2018-11-28,1,الشمالية,دنقلا,52/2017,ذهب,غير سارية
192,أورشاب لتعدين الذهب المحدودة,امتياز منتجة,2013/35,,2013-01-15,2043-01-15,4,البحر الأحمر,جبيت المعادن,5,ذهب,سارية
1258,أورقانايزيشن للتعدين,تعدين صغير,5/2018,رخصة بحث مطلق,2018-03-14,2019-03-13,1,نهر النيل,بربر,5/2018,ذهب,غير سارية
1651,أولاد جقير للأنشطة المحددة المحدودة,مخلفات,239,عقد,2025-08-10,2028-08-09,1,جنوب كردفان,قدير,,ذهب,سارية
1663,أولاد عثمان للتعدين المحدودة,مخلفات,248,عقد,2025-12-02,2028-12-01,1,القضارف,البطانة,,ذهب,سارية
1410,أولياء للتعدين,تعدين صغير,16/2024,رخصة بحث مطلق,2024-05-13,2025-05-12,1,البحر الأحمر,هيا,16/2024,ذهب,غير سارية
195,أوهاف للتعدين المحدودة,امتياز منتجة,2020/6,,2020-12-01,2041-12-01,2,البحر الأحمر,جبيت المعادن,3A,ذهب,سارية
1675,إبراهيم حسن للتعدين,مخلفات,252,عقد,2025-12-17,2028-12-16,1,الشمالية,دلقو,,ذهب,سارية
1560,إبراهيم محمد ساتي للأنشطة المتعددة,مخلفات,25,عقد,2025-02-12,2028-02-11,1,الشمالية,دنقلا,,ذهب,سارية
204,إرم ذات للذهب المحدودة,امتياز منتجة,2023/3,,2023-12-02,2043-12-02,1,البحر الأحمر,جبيت المعادن,16A,ذهب,سارية
1666,إس أي إيه للإستثمار المحدودة,مخلفات,249,عقد,2025-12-02,2028-12-01,1,البحر الأحمر,القنب والأوليب,,ذهب,سارية
26,إس إم إية اقرو انفستمنت المحدودة,مخلفات,122,عقد,2021-06-29,2024-06-28,1,نهر النيل,بربر,0,ذهب,غير سارية
1578,إسفير للتعدين المحدودة,مخلفات,109/حجر معدنيين,عقد,2024-11-12,2025-11-12,1,البحر الأحمر,درديب,0.0,ذهب,سارية
137,إسفير للتعدين المحدودة,مخلفات,109,عقد,2024-11-16,2027-11-17,1,البحر الأحمر,درديب,0.0,ذهب,سارية
569,إسكاي موتور للتجارة و الإستثمار المحدودة,مخلفات,113,عقد,2021-10-06,2024-10-05,1,غرب كردفان,النهود,0,ذهب,غير سارية
1587,إسكاي موتور للتجارة و الإستثمار المحدودة,مخلفات,113/حجر معدنيين,عقد,2025-03-10,2026-03-09,1,البحر الأحمر,درديب,0.0,ذهب,سارية
1658,إسكاي موتور للتجارة و الإستثمار المحدودة 00,مخلفات,245,عقد,2024-02-29,2027-02-28,1,جنوب كردفان,قدير,,ذهب,سارية
1635,إكسير للتعدين,مخلفات,221/ خام معالج مسبقا,عقد,2025-12-09,2026-12-08,1,نهر النيل,ابوحمد,,ذهب,غير سارية
27,إكسير للتعدين,مخلفات,221,عقد,2025-07-17,2028-07-16,1,نهر النيل,ابوحمد,0,ذهب,سارية
1691,إكسير للتعدين ( حجر معدنيين ),مخلفات,262,عقد,2026-01-04,2027-01-03,1,نهر النيل,ابوحمد,,ذهب,سارية
1217,إيتسكا للتعدين المحدودة,تعدين صغير,40/2016,رخصة بحث مطلق,2016-09-07,2017-09-06,1,الشمالية,دلقو,40/2016,ذهب,غير سارية
1061,ابا المصطفى الكيمائية,تعدين صغير,77,عقد,2004-04-01,2025-03-31,2,البحر الأحمر,القنب والأوليب,77,ملح، جبص,غير سارية
1086,ابا المصطفى للاسمنت,تعدين صغير,162,عقد,2006-01-01,2026-12-31,1,البحر الأحمر,حلايب,162,جبص,سارية
1438,ابا المصطفى للاسمنت,تعدين صغير,163,عقد,2006-01-01,2027-12-31,1,البحر الأحمر,حلايب,163,جبص,ملغية
1064,ابراهيم ابوحسنين وشركائه,تعدين صغير,2021/2,عقد,2021-05-20,2026-05-19,3,النيل الازرق,باو,2021/2,كروم,سارية
1062,ابراهيم ابوحسنين وشركائه,تعدين صغير,26/2011,عقد,2011-01-09,2041-01-08,1,النيل الازرق,باو,26/2011,كروم,سارية
1140,ابراهيم ابوحسنين وشركائه,تعدين صغير,27/2011,عقد,2011-01-09,2041-01-08,1,النيل الازرق,باو,27/2011,كروم,سارية
1063,ابراهيم ابوحسنين وشركائه,تعدين صغير,44/2011,عقد,2011-05-19,2041-05-18,1,النيل الازرق,باو,44/2011,كروم,سارية
1141,ابراهيم ابوحسنين وشركائه,تعدين صغير,43/2011,عقد,2011-05-19,2041-05-18,1,النيل الازرق,باو,43/2011,كروم,سارية
1142,ابكو للتعدين,تعدين صغير,15/2019,رخصة بحث مطلق,2019-02-19,2020-02-18,1,الشمالية,حلفا,15/2019,ذهب,غير سارية
1655,ابو اتراب لاعمال التعدين,تعدين صغير,49/2025,رخصة بحث مطلق,2025-10-20,2026-10-19,1,البحر الأحمر,جبيت المعادن,49/2025,ذهب,سارية
1143,ابو الوليد للتعدين,تعدين صغير,36/2020,رخصة بحث مطلق,2020-09-03,2021-09-02,1,الشمالية,دلقو,36/2020,ذهب,غير سارية
1065,ابو حنفي العالمية للتعدين,تعدين صغير,11/2022,عقد,2022-05-23,2027-05-22,1,البحر الأحمر,سواكن,11/2022,ملح,سارية
1218,ابورشيرش للتعدين,تعدين صغير,10/2021,عقد,2022-06-29,2027-06-28,1,البحر الأحمر,حلايب,15/2022,ذهب,سارية
38,ابورقية للتنمية المحدودة (ابوحمد),مخلفات,126,عقد,2024-06-21,2027-06-20,1,نهر النيل,ابوحمد,0,ذهب,سارية
576,ابوسرة للانشاءاءت المحدودة,مخلفات,48,عقد,2024-05-21,2027-05-20,1,شمال دارفور,امبرو,0,ذهب,سارية
1066,ابوسنينة للتعدين,تعدين صغير,5/2022,عقد,2022-03-17,2027-03-16,2,الشمالية,دنقلا,5/2022,ذهب,سارية
1041,ابوسنينة للتعدين,تعدين صغير,00,عقد,2022-06-29,2027-06-28,1,البحر الأحمر,القنب والأوليب,0,ذهب,سارية
122,ابوعمرو للتعدين,مخلفات,161,عقد,2020-03-11,2023-02-11,1,البحر الأحمر,جبيت,0,ذهب,ملغية
47,ابولميس للتعدين,مخلفات,138,عقد,2026-05-06,2029-05-05,1,نهر النيل,بربر,0,ذهب,سارية
1671,ابووئام,تعدين صغير,54/2025,رخصة بحث مطلق,2025-12-04,2026-12-03,1,البحر الأحمر,جبيت المعادن,54/2025,ذهب,سارية
1783,اتش تي ايه,تعدين صغير,4/2026,عقد,2026-05-03,2031-05-02,1,كسلا,خشم القربة,4/2026,ذهب,سارية
1219,اتش تي ايه,تعدين صغير,14/2021,رخصة بحث مطلق,2021-05-06,2022-05-05,1,الشمالية,الشمالية,14/2021,ذهب,غير سارية
1569,اتش تي ايه,تعدين صغير,9/2025,رخصة بحث مطلق,2025-03-09,2026-03-08,1,كسلا,خشم القربة,9/2025,ذهب,سارية
1298,اتش تي ايه,تعدين صغير,10ط/2024,عقد,2023-08-09,2028-08-08,1,كسلا,ستيت,10ط/2024,ذهب,سارية
1567,اتش تي ايه,تعدين صغير,32/2026,رخصة بحث مطلق,2026-07-15,2027-07-14,1,كسلا,خشم القربة,32/2026,ذهب,سارية
590,اتلانتا للتعدين,مخلفات,166,عقد,2019-08-24,2020-08-23,1,جنوب كردفان,قدير,0,ذهب,غير سارية
44,اتوبان للانشطة المتعددة المحدودة,مخلفات,136,عقد,2024-01-09,2026-03-08,1,نهر النيل,ابوحمد,0,ذهب,سارية
1640,احمد البدوي للتعدين,تعدين صغير,37/2025,رخصة بحث مطلق,2025-08-21,2026-08-22,1,نهر النيل,بربر,37/2025,ذهب,ملغية
1056,احمد عثمان شعبان,تعدين صغير,18,عقد,1981-10-25,2002-10-24,3,البحر الأحمر,القنب والأوليب,18,ملح,غير سارية
1573,اردوان للتعدين,تعدين صغير,7/2025,رخصة بحث مطلق,2025-02-25,2026-02-24,1,الشمالية,وادي حلفا,7/2025,ذهب,غير سارية
1603,اردوان للتعدين,تعدين صغير,21/2025,رخصة بحث مطلق,2025-05-07,2026-05-06,1,الشمالية,دلقو,21/2025,ذهب,غير سارية
1487,ارض الكروم للمعادن,تعدين صغير,28/2011,عقد,2011-01-01,2041-12-31,1,النيل الازرق,ود الماحى,28/2011,كروم,ملغية
56,ازوم للأنشطة المتعددة المحدودة,مخلفات,137,عقد,2021-05-30,2024-05-29,1,نهر النيل,ابوحمد,0,ذهب,غير سارية
1067,اس ام تى للمشاريع المحدودة,تعدين صغير,1/2023,رخصة بحث مطلق,2023-01-16,2024-01-15,1,الشمالية,حلفا,1/2023,ذهب,غير سارية
1068,اس ام تى للمشاريع المحدودة,تعدين صغير,22/2021,رخصة بحث مطلق,2021-06-03,2022-06-02,1,الشمالية,دنقلا,22/2021,ذهب,غير سارية
1473,اسكاى وى لتصنيع الجبص والازبلاج,تعدين صغير,21/2010,عقد,2009-07-01,2039-06-30,1,النيل الازرق,باو,21/2010,كروم,ملغية
1468,اسكاى وى لتصنيع الجبص والازبلاج,تعدين صغير,42/2010,عقد,2011-10-01,2041-09-30,1,النيل الازرق,باو,42/2010,كروم,ملغية
1472,اسكاى وى لتصنيع الجبص والازبلاج,تعدين صغير,20/2009,عقد,2010-10-31,2040-10-30,1,النيل الازرق,باو,20/2009,كروم,ملغية
1474,اسكاى وى لتصنيع الجبص والازبلاج,تعدين صغير,22/2010,عقد,2009-07-01,2039-06-30,1,النيل الازرق,باو,22/2010,كروم,ملغية
1475,اسكاى وى لتصنيع الجبص والازبلاج,تعدين صغير,23/2011,عقد,2009-07-01,2039-06-30,1,النيل الازرق,باو,23/2011,كروم,ملغية
1471,اسكاى وى لتصنيع الجبص والازبلاج,تعدين صغير,38/2010,عقد,2010-10-01,2040-09-30,1,النيل الازرق,باو,38/2010,كروم,ملغية
1768,اسكاى وى لتصنيع الجبص والازبلاج,تعدين صغير,40/2010,عقد,2010-10-01,2040-09-30,1,النيل الازرق,ود الماحى,40/2010,كروم,ملغية
1767,اسكاى وى لتصنيع الجبص والازبلاج,تعدين صغير,39/2010,عقد,2010-10-01,2040-09-30,1,النيل الازرق,باو,39/2010,كروم,ملغية
1069,اسمارت فجن العالمية,تعدين صغير,54/2017,رخصة بحث مطلق,2017-12-13,2018-12-12,1,الشمالية,دنقلا,54/2017,ذهب,غير سارية
1628,اسوت للتعدين  المحدودة,تعدين صغير,9/2025,عقد,2025-06-22,2030-06-21,1,البحر الأحمر,سنكات,9/2025,ذهب,سارية
1398,اسوت للتعدين  المحدودة,تعدين صغير,20/2025,رخصة بحث مطلق,2025-04-24,2026-04-23,1,البحر الأحمر,القنب والأوليب,20/2025,ذهب,سارية
968,اعمال أثمار للتعدين,تعدين صغير,20/2022,رخصة بحث مطلق,2022-05-22,2023-05-21,1,القضارف,البطانة,20/2022,ذهب,غير سارية
1545,اعمال ابوالقاسم ابراهيم للتعدين,تعدين صغير,3/2025,رخصة بحث مطلق,2025-01-26,2026-01-25,1,الشمالية,مروي,3/2025,ذهب,غير سارية
1583,اعمال اركماني للتعدين,تعدين صغير,19/2025,رخصة بحث مطلق,2025-04-20,2026-04-19,1,البحر الأحمر,القنب والأوليب,19/2025,ذهب,غير سارية
1480,اعمال الابنوس للتعدين,تعدين صغير,مخلفات,عقد,2022-09-25,2023-06-24,1,البحر الأحمر,حلايب,مخلفات,ذهب,ملغية
1070,اعمال الابنوس للتعدين,تعدين صغير,13/2022,عقد,2022-05-25,2027-05-24,1,البحر الأحمر,حلايب,13/2022,ذهب,سارية
1555,اعمال التعدين المتقدمة المحدودة,تعدين صغير,133,عقد,1998-03-11,2019-03-10,6,البحر الأحمر,حلايب,133,جبص,غير سارية
1376,اعمال التعدين المتقدمة المحدودة,تعدين صغير,14/2008,عقد,2008-10-09,2038-10-08,1,النيل الازرق,باو,14/2008,كروم,سارية
1379,اعمال التعدين المتقدمة المحدودة,تعدين صغير,20/2011,عقد,2010-01-01,2041-09-30,1,النيل الازرق,باو,20/2011,كروم,سارية
1756,اعمال التعدين المتقدمة المحدودة,تعدين صغير,19/2026,رخصة بحث مطلق,2026-05-21,2027-05-20,1,البحر الأحمر,حلايب,19/2026,تلك,سارية
1755,اعمال التعدين المتقدمة المحدودة,تعدين صغير,20/2026,رخصة بحث مطلق,2026-05-21,2027-05-20,1,البحر الأحمر,حلايب,20/2026,تلك,سارية
1380,اعمال التعدين المتقدمة المحدودة,تعدين صغير,21/2011,عقد,2010-01-01,2040-09-03,2,النيل الازرق,باو,21/2011,كروم,سارية
1382,اعمال التعدين المتقدمة المحدودة,تعدين صغير,23/2011,عقد,2010-01-01,2040-09-30,1,النيل الازرق,باو,23/2011,كروم,سارية
402,اعمال التعدين المتقدمة المحدودة,امتياز استكشاف,3A,إتفاقية,2012-10-01,2024-01-05,1,البحر الأحمر,جبيت,3A,ذهب,غير سارية
1551,اعمال التعدين المتقدمة المحدودة,تعدين صغير,105,عقد,1998-03-11,2019-03-10,3,البحر الأحمر,حلايب,105,جبص,غير سارية
115,اعمال التعدين المتقدمة المحدودة,مخلفات,201,عقد,2024-05-21,2027-05-20,1,النيل الازرق,ود الماحى,0,ذهب,سارية
1552,اعمال التعدين المتقدمة المحدودة,تعدين صغير,106,عقد,1998-03-11,2019-03-10,6,البحر الأحمر,حلايب,106,جبص,غير سارية
1553,اعمال التعدين المتقدمة المحدودة,تعدين صغير,107,عقد,1998-03-11,2019-03-10,5,البحر الأحمر,حلايب,107,جبص,غير سارية
1554,اعمال التعدين المتقدمة المحدودة,تعدين صغير,134,عقد,1998-03-11,2019-03-10,6,البحر الأحمر,حلايب,134,جبص,غير سارية
1144,اعمال التعدين المتقدمة المحدودة,تعدين صغير,11/2022,رخصة بحث مطلق,2022-03-29,2023-03-28,1,البحر الأحمر,درديب,11/2022,حديد,غير سارية
1383,اعمال التعدين المتقدمة المحدودة,تعدين صغير,24/2011,عقد,2010-01-01,2040-09-30,1,النيل الازرق,باو,24/2011,كروم,سارية
1550,اعمال التعدين المتقدمة المحدودة,تعدين صغير,104,عقد,1998-03-11,2019-03-10,1,البحر الأحمر,حلايب,104,جبص,غير سارية
1656,اعمال التعدين المتقدمة المحدودة,تعدين صغير,52/2025,رخصة بحث مطلق,2025-11-18,2026-11-17,1,البحر الأحمر,حلايب,52/2025,حديد,سارية
1732,اعمال التعدين المتقدمة المحدودة,تعدين صغير,108,عقد,1998-03-11,2019-03-10,1,البحر الأحمر,حلايب,108,ذهب,غير سارية
1548,اعمال التعدين المتقدمة المحدودة,تعدين صغير,89,عقد,1993-11-01,2014-10-31,2,النيل الازرق,باو,89,كروم,غير سارية
1381,اعمال التعدين المتقدمة المحدودة,تعدين صغير,22/2011,عقد,2010-01-01,2040-09-30,1,النيل الازرق,باو,22/2011,كروم,سارية
1378,اعمال التعدين المتقدمة المحدودة,تعدين صغير,16/2008,عقد,2008-10-09,2038-10-08,2,النيل الازرق,باو,16/2008,كروم,سارية
1377,اعمال التعدين المتقدمة المحدودة,تعدين صغير,15/2008,عقد,2008-10-09,2038-10-08,2,النيل الازرق,باو,15/2008,كروم,سارية
1549,اعمال التعدين المتقدمة المحدودة,تعدين صغير,92,عقد,1993-11-01,2014-10-30,2,النيل الازرق,باو,92,كروم,غير سارية
1547,اعمال التعدين المتقدمة المحدودة,تعدين صغير,77,عقد,1993-11-01,2014-10-31,2,النيل الازرق,باو,77,كروم,غير سارية
1544,اعمال التهامي والرشيدي للتعدين,تعدين صغير,4/2025,رخصة بحث مطلق,2025-01-28,2026-01-27,1,الشمالية,دنقلا,4/2025,ذهب,غير سارية
1533,اعمال التهامي والرشيدي للتعدين,تعدين صغير,51/2024,رخصة بحث مطلق,2024-12-31,2025-12-30,1,الشمالية,دلقو,51/2024,ذهب,غير سارية
1178,اعمال الروضة للأعمال الجيولوجية والإستثمار المحدودة,تعدين صغير,24/2022,رخصة بحث مطلق,2022-05-30,2023-05-29,1,الشمالية,حلفا,24/2022,جارنت,غير سارية
1179,اعمال الروضة للأعمال الجيولوجية والإستثمار المحدودة,تعدين صغير,23/2022,رخصة بحث مطلق,2022-05-30,2023-05-29,1,الشمالية,حلفا,23/2022,فلسبار,غير سارية
1145,اعمال الفاتح للتعدين,تعدين صغير,8/2021,رخصة بحث مطلق,2021-04-14,2022-04-13,1,جنوب دارفور,الردوم,8/2021,ذهب,غير سارية
967,اعمال الماهرون للتعدين,تعدين صغير,42/2022,رخصة بحث مطلق,2022-09-04,2023-09-03,1,القضارف,البطانة,42/2022,ذهب,غير سارية
1571,اعمال المجموعة الدولية للتعدين,تعدين صغير,33/2026,رخصة بحث مطلق,2026-07-15,2027-07-14,1,كسلا,خشم القربة,33/2026,ذهب,سارية
577,اعمال المجموعة الدولية للتعدين,مخلفات,181,عقد,2020-10-06,2022-10-05,1,كسلا,تلكوك,0,ذهب,غير سارية
118,اعمال المجموعة الدولية للتعدين,مخلفات,237,عقد,2024-05-14,2027-05-13,1,القضارف,البطانة,0,ذهب,سارية
49,اعمال المجموعة الدولية للتعدين,مخلفات,159,عقد,2020-11-05,2023-11-04,1,نهر النيل,بربر,0,ذهب,غير سارية
104,اعمال المجموعة الدولية للتعدين,مخلفات,191,عقد,2022-05-10,2025-04-10,1,كسلا,نهر عطبرة,0,ذهب,سارية
74,اعمال المجموعة الدولية للتعدين,مخلفات,173,عقد,2026-02-03,2029-02-02,1,الشمالية,وادي حلفا,0,ذهب,سارية
221,اعمال المجموعة الدولية للتعدين,مخلفات,171/حجر معدنيين,عقد,2026-02-23,2027-02-22,1,البحر الأحمر,جبيت,0,ذهب,سارية
121,اعمال المجموعة الدولية للتعدين,مخلفات,171,عقد,2025-10-20,2028-10-19,1,البحر الأحمر,جبيت,0,ذهب,سارية
589,اعمال المجموعة الدولية للتعدين,مخلفات,195,عقد,2025-11-20,2028-11-19,1,جنوب كردفان,التضامن,0,ذهب,سارية
1231,اعمال بابكر عباس للتعدين,تعدين صغير,35/2022,رخصة بحث مطلق,2022-07-03,2023-07-02,1,نهر النيل,نهر النيل,35/2022,ذهب,غير سارية
969,اعمال بابكر عباس للتعدين,تعدين صغير,16/2022,عقد,2022-07-05,2027-07-04,2,نهر النيل,ابوحمد,16/2022,ذهب,سارية
1146,اعمال باعشر للتعدين,تعدين صغير,34/2009,عقد,2009-11-09,2039-11-08,1,البحر الأحمر,القنب والأوليب,34/2009,حديد,سارية
1147,اعمال باعشر للتعدين,تعدين صغير,2010/1,عقد,2009-11-09,2039-11-08,2,البحر الأحمر,القنب والأوليب,2010/1,ملح,سارية
994,اعمال باكتوتة للتعدين,تعدين صغير,21/2015,عقد,2025-07-09,2026-07-08,2,البحر الأحمر,حلايب,21/2015,ذهب,سارية
1439,اعمال باكتوتة للتعدين,تعدين صغير,عقد ثلاثي,عقد,2024-04-02,2025-04-01,1,البحر الأحمر,جبيت المعادن,عقد ثلاثي,ذهب,سارية
1740,اعمال برعي,تعدين صغير,17/2026,رخصة بحث مطلق,2026-05-20,2027-05-19,1,نهر النيل,ابوحمد,17/2026,ذهب,سارية
1232,اعمال برعي,تعدين صغير,53/2025,رخصة بحث مطلق,2025-11-23,2026-11-22,1,نهر النيل,ابوحمد,53/2025,ذهب,سارية
995,اعمال جريوة للتعدين,تعدين صغير,67/2011,عقد,2011-01-01,2041-12-31,1,النيل الازرق,باو,67/2011,كروم,مجمدة
1530,اعمال حسام الدين عبدالكريم,تعدين صغير,48/2024,رخصة بحث مطلق,2024-12-24,2025-12-23,1,الشمالية,حلفا,48/2024,ذهب,غير سارية
1423,اعمال حصون الدرة للتعدين,تعدين صغير,6/2019,عقد,2019-09-03,2024-09-03,2,البحر الأحمر,هيا,6/20219,ذهب,ملغية
1422,اعمال حصون الدرة للتعدين,تعدين صغير,5/2019,عقد,2019-09-03,2024-09-02,2,البحر الأحمر,هيا,5/20219,ذهب,ملغية
1701,اعمال دلو للتعدين,مخلفات,266,عقد,2026-03-09,2029-03-08,1,جنوب كردفان,الليري,,ذهب,سارية
1150,اعمال رمال للتعدين,تعدين صغير,17/2022,عقد,2022-10-19,2027-10-18,1,الشمالية,مروي,17/2022,ذهب,سارية
1151,اعمال عماد الدين محمود سعيد للتعدين,تعدين صغير,60/2021,رخصة بحث مطلق,2021-11-03,2022-11-02,1,جنوب دارفور,الردوم,60/2021,ذهب,غير سارية
1806,اعمال عمر بجا لمعالجة مخلفات التعدين(شركة عمر بجا للتعدين المحدودة),مخلفات,315,عقد,2026-07-30,2029-07-29,1,البحر الأحمر,جبيت المعادن,,ذهب,سارية
1463,اعمال قبوب,تعدين صغير,72/2011,عقد,2011-01-01,2040-12-31,1,النيل الازرق,باو,72/2011,كروم,ملغية
1738,اعمال كانديس للتعدين,تعدين صغير,57/2025,رخصة بحث مطلق,2025-12-23,2026-12-22,1,نهر النيل,بربر,57/2025,ذهب,سارية
1154,اعمال مصطفى عوض,تعدين صغير,49/2010,عقد,2011-10-01,2041-09-30,1,النيل الازرق,باو,49/2010,كروم,ملغية
1153,اعمال مصطفى عوض,تعدين صغير,48/2010,عقد,2011-10-01,2041-09-30,1,النيل الازرق,باو,48/2010,كروم,ملغية
1152,اعمال مصطفى عوض,تعدين صغير,47/2010,عقد,2011-10-01,2041-09-30,1,النيل الازرق,باو,47/2010,كروم,ملغية
1608,اعمال ود الخير للتعدين,تعدين صغير,30/2025,رخصة بحث مطلق,2025-06-24,2026-06-23,1,الشمالية,دلقو,30/2025,ذهب,سارية
1155,افرانكو للتعدين,تعدين صغير,32/2019,رخصة بحث مطلق,2019-04-22,2020-04-21,1,الشمالية,مروي,32/2019,ذهب,غير سارية
1156,اقيانوس للتعدين,تعدين صغير,19/2021,رخصة بحث مطلق,2021-05-31,2022-05-30,1,الشمالية,دلقو,19/2021,ذهب,غير سارية
1157,اقيانوس للتعدين,تعدين صغير,38/2020,رخصة بحث مطلق,2020-09-08,2021-09-07,1,الشمالية,دلقو,38/2020,ذهب,غير سارية
1521,اكاكوس للانشطة المتعددة المحدودة,تعدين صغير,1/2017,عقد,2017-01-02,2022-01-01,1,القضارف,البطانة,1/2017,ذهب,ملغية
1032,اكليل للتعدين,تعدين صغير,45/2022,رخصة بحث مطلق,2022-10-19,2023-10-18,1,البحر الأحمر,جبيت المعادن,45/2022,ذهب,غير سارية
1528,الأبنوس لمعالجة مخلفات التعدين (الأبنوس للاستيراد و التصدير ),مخلفات,59/حجر معدنيين,عقد,2024-05-20,2025-05-19,1,البحر الأحمر,درديب,,ذهب,سارية
156,الأبنوس لمعالجة مخلفات التعدين (الأبنوس للاستيراد و التصدير ),مخلفات,59,عقد,2023-07-30,2025-07-29,1,البحر الأحمر,درديب,0,ذهب,غير سارية
1159,الأصاله للتعدين,تعدين صغير,17/2020,رخصة بحث مطلق,2020-03-05,2021-03-04,1,الشمالية,دلقو,17/2020,ذهب,غير سارية
1160,الأطلنطي العالمية للإمدادات الطبية,تعدين صغير,1/2018,رخصة بحث مطلق,2018-01-16,2019-01-15,1,الشمالية,مروي,1/2018,ذهب,غير سارية
214,الأنفال للتعدين المحدودة,مخلفات,196/حجر معدنيين,عقد,2020-02-11,2023-02-10,1,الشمالية,وادي حلفا,0,ذهب,غير سارية
75,الأنفال للتعدين المحدودة,مخلفات,196,عقد,2023-02-11,2026-02-10,1,الشمالية,وادي حلفا,0,ذهب,غير سارية
1712,الإتحاد العالمي للتعدين,امتياز استكشاف,RS-13A 1,,2026-02-16,2030-02-15,1,البحر الأحمر,,RS-13A 1,ذهب,سارية
1417,الإخلاص للاعمال المتقدمة المحدودة,تعدين صغير,27/2024,رخصة بحث مطلق,2024-07-30,2025-07-29,1,الشمالية,مروي,27/2024,ذهب,غير سارية
1416,الإخلاص للاعمال المتقدمة المحدودة,تعدين صغير,26/2024,رخصة بحث مطلق,2024-07-30,2025-07-29,1,الشمالية,مروي,26/2024,ذهب,غير سارية
572,الإعتماد للصناعات الحديدية المحدودة (أبو جبيهة),مخلفات,163,عقد,2019-09-05,2022-09-04,1,جنوب كردفان,ابوجبيهة,0,ذهب,غير سارية
76,الإعتماد للصناعات الحديدية المحدودة - (القعب),مخلفات,205,عقد,2019-11-26,2022-11-25,1,الشمالية,دنقلا,0,ذهب,غير سارية
560,الإعتماد للصناعات الحديدية المحدودة - (سيسا),مخلفات,165,عقد,2017-08-06,2019-08-05,1,الشمالية,دلقو,0,ذهب,غير سارية
1529,الابنوس للاستيراد والتصدير,تعدين صغير,46/2024,رخصة بحث مطلق,2024-12-15,2025-12-14,1,البحر الأحمر,درديب,46/2024,ذهب,غير سارية
168,الاجلال العالمية المحدودة,مخلفات,77,عقد,2024-09-16,2027-09-17,1,البحر الأحمر,جبيت المعادن,0,ذهب,سارية
1158,الارا للتعدين,تعدين صغير,2020/9,عقد,2020-11-11,2025-11-10,1,نهر النيل,المتمة,2020/9,كاولين,غير سارية
455,الارض العالمية للحلول المتكاملة  المحدودة,امتياز استكشاف,57A,إتفاقية,2016-03-27,2019-03-26,1,البحر الأحمر,القنب والأوليب,57-A,ذهب,ملغية
970,الاشقر للتعدين,تعدين صغير,14/2016,عقد,2018-06-12,2023-06-11,1,النيل الازرق,باو,14/2016,كروم,غير سارية
1489,الاقصر للتعدين,تعدين صغير,48/2011,عقد,2011-07-03,2041-07-02,1,النيل الازرق,باو,48/2011,كروم,ملغية
1485,البتراء للكهرباء والمقاولات,تعدين صغير,66/2010,عقد,2010-10-01,2040-11-30,1,النيل الازرق,باو,66/2010,كروم,ملغية
450,البجراوية للتعدين,امتياز استكشاف,البجراوية,إتفاقية,2007-12-15,2018-10-30,1,نهر النيل,شندي,البجراوية,حديد,غير سارية
205,البدري للتعدين القابضة المحدودة,امتياز منتجة,2023/2,,2023-03-14,2043-03-14,1,نهر النيل,الدامر,30R,ذهب,سارية
486,البدري للطاقة المحدودة,امتياز استكشاف,30R,إتفاقية,2018-11-27,2026-02-26,1,نهر النيل,سيدون,30R,ذهب,سارية
971,البرق الساطع التجارية المحدودة,تعدين صغير,19/2022,عقد,2022-09-07,2027-09-06,1,البحر الأحمر,حلايب,19/2022,منجنيز,سارية
972,البيدي للتعدين,تعدين صغير,16/2022,رخصة بحث مطلق,2022-04-25,2023-04-24,1,شمال دارفور,الفاشر,16/2022,ذهب,سارية
1737,التريان للتعدين,تعدين صغير,32/2025,رخصة بحث مطلق,2025-07-24,2026-07-23,1,الشمالية,دلقو,32/2025,ذهب,سارية
1162,التعاضد للتعدين,تعدين صغير,3/2024,عقد,2022-12-18,2027-12-17,1,نهر النيل,بربر,3/2024,ذهب,سارية
582,التواصل للتجارة والإستثمار المحدودة,مخلفات,220,عقد,2022-08-20,2024-08-19,1,جنوب كردفان,كادقلي,0,ذهب,غير سارية
1161,التيتويد للطاقة والتعدين المحدودة,تعدين صغير,46/2017,رخصة بحث مطلق,2017-10-15,2018-10-14,1,نهر النيل,ابوحمد,46/2017,ذهب,غير سارية
1765,التين للتعدين,تعدين صغير,44/2019,رخصة بحث مطلق,2019-05-27,2020-05-26,1,النيل الازرق,باو,44/2019,ذهب,غير سارية
1168,التين للتعدين,تعدين صغير,5/2014,عقد,2014-09-22,2024-12-21,1,النيل الازرق,ود الماحى,4\2014,كروم,ملغية
1490,الثرى للتعدين,تعدين صغير,29/2010,عقد,2010-03-18,2040-03-17,1,النيل الازرق,باو,29/2010,كروم,ملغية
561,الجبالي للحلول المتكاملة المحدودة,مخلفات,45,عقد,2024-08-04,2027-08-03,1,الشمالية,البرقيق,0,ذهب,سارية
1624,الجكوب للتعدين,تعدين صغير,10/2025,عقد,2025-05-25,2030-05-24,1,البحر الأحمر,حلايب,10/2025,ذهب,سارية
29,الجكوب للتعدين,مخلفات,206,عقد,2024-04-03,2027-04-02,1,نهر النيل,ابوحمد,0,ذهب,سارية
1169,الجكوب للتعدين,تعدين صغير,16/2026,رخصة بحث مطلق,2026-05-20,2027-05-19,1,البحر الأحمر,جبيت,16/2026,ذهب,سارية
584,الجنيد للأنشطة المتعددة المحدودة (ج كردفان),مخلفات,185,عقد,2017-07-10,2019-07-09,1,جنوب كردفان,الليري,0,ذهب,غير سارية
1518,الجنيد للأنشطة المتعددة (سنقو),مخلفات,194/حجر معدنيين,عقد,2022-06-28,2023-06-27,1,جنوب دارفور,الردوم,0,ذهب,غير سارية
179,الجنيد للأنشطة المتعددة (سنقو),مخلفات,194,عقد,2019-02-12,2023-02-12,1,جنوب دارفور,الردوم,0,ذهب,غير سارية
559,الجنيد للانشطة المتعددة المحدودة (المثلث),مخلفات,168,عقد,2017-07-10,2019-07-09,1,الشمالية,وادي حلفا,0,ذهب,غير سارية
1695,الحائط الذهبي للتعدين,تعدين صغير,7/2026,رخصة بحث مطلق,2026-03-08,2027-03-07,1,البحر الأحمر,هيا,7/2026,ذهب,سارية
1170,الحاج محمد احمد لمعالجة مخالفات التعدين,تعدين صغير,24/2021,رخصة بحث مطلق,2021-06-06,2022-06-05,1,شمال كردفان,سودري,24/2021,ذهب,غير سارية
1171,الحاج محمد احمد لمعالجة مخالفات التعدين,تعدين صغير,25/2021,رخصة بحث مطلق,2021-06-06,2022-06-05,1,شمال كردفان,سودري,25/2021,ذهب,غير سارية
1173,الحامد للتعدين,تعدين صغير,45/2015,رخصة بحث مطلق,2015-12-03,2016-12-02,1,نهر النيل,الدامر,45/2015,ذهب,غير سارية
1172,الحامد للتعدين,تعدين صغير,38/2019,رخصة بحث مطلق,2019-04-30,2020-04-29,1,الشمالية,دلقو,38/2019,ذهب,غير سارية
471,الحامدين للتعدين,امتياز استكشاف,30C,إتفاقية,2017-02-05,2023-02-04,1,نهر النيل,سيدون,30-C,ذهب,غير سارية
20,الحامدين للتعدين,مخلفات,228,عقد,2022-12-31,2025-12-30,1,نهر النيل,بربر,0.0,ذهب,غير سارية
1538,الحامدين للتعدين,مخلفات,31/خام معالج مسبقاً,عقد,2025-01-14,2026-01-13,1,نهر النيل,سيدون,0.0,ذهب,سارية
432,الحضارات القديمة للاستثمار المحدودة,امتياز استكشاف,وادي حلفا البئر,إتفاقية,2009-06-21,2018-12-30,1,الشمالية,حلفا,وادي حلفا البئر,ذهب,غير سارية
1796,الحوش,تعدين صغير,37/2026,رخصة بحث مطلق,2026-07-28,2026-07-27,1,الشمالية,دلقو,37/2026,ذهب,سارية
1174,الختم للأعمال المتقدمة المحدودة,تعدين صغير,48/2020,رخصة بحث مطلق,2020-09-27,2021-09-26,1,الشمالية,حلفا,48/2020,ذهب,غير سارية
1175,الخنساء العالمية للإستثمار,تعدين صغير,57/2017,رخصة بحث مطلق,2017-12-31,2018-12-30,1,الشمالية,دلقو,57/2017,ذهب,غير سارية
1033,الدار للخدمات والإستثمار,تعدين صغير,5/2025,رخصة بحث مطلق,2025-01-29,2026-01-28,1,البحر الأحمر,حلايب,5/2025,ذهب,سارية
1576,الدار للخدمات والإستثمار,تعدين صغير,01/2025,عقد,2025-01-28,2030-01-27,1,البحر الأحمر,حلايب,01/2025,ذهب,سارية
1149,الدرة للتعدين,تعدين صغير,2/2026,عقد,2026-03-02,2031-03-01,1,الشمالية,دنقلا,2/2026,ذهب,سارية
482,الدغيثر للإستثمار والتعدين المحدودة,امتياز استكشاف,RS22,إتفاقية,2017-12-20,2026-06-17,1,البحر الأحمر,هيا,RS22,ذهب,سارية
473,الدوحة للإستثمار المحدودة,امتياز استكشاف,RS8-A,إتفاقية,2016-12-26,2024-03-20,1,البحر الأحمر,جبيت,RS8-A,ذهب,غير سارية
567,الراتق للتعدين,مخلفات,50,عقد,2024-04-02,2027-04-01,1,النيل الازرق,ود الماحى,0,ذهب,سارية
1176,الرعيل الأول للصناعة والإنشاءات,تعدين صغير,12/2021,رخصة بحث مطلق,2021-05-03,2022-05-02,1,الشمالية,دنقلا,12/2021,ذهب,غير سارية
1403,الرفعة للتعدين,تعدين صغير,18/2025,رخصة بحث مطلق,2025-04-17,2026-04-16,1,البحر الأحمر,جبيت المعادن,18/2025,ذهب,غير سارية
1177,الروابي للتعدين,تعدين صغير,6/2016,رخصة بحث مطلق,2016-02-15,2017-02-14,1,نهر النيل,ابوحمد,6/2016,ذهب,غير سارية
1605,الرواج للتجارة المحدودة,تعدين صغير,29/2025,رخصة بحث مطلق,2025-05-28,2026-05-27,1,البحر الأحمر,هيا,29/2025,ذهب,غير سارية
61,الزيداب العالمية المحدودة,مخلفات,83,عقد,2022-07-07,2025-07-06,1,نهر النيل,ابوحمد,0,ذهب,سارية
1653,الستوت للتعدين,مخلفات,243,عقد,2025-10-19,2028-10-18,1,جنوب كردفان,قدير,,ذهب,سارية
1034,السجن - بورسودان,تعدين صغير,10,عقد,1973-08-01,1994-07-31,5,البحر الأحمر,بورتسودان,10,ملح,غير سارية
1370,السجن - سواكن,تعدين صغير,4,عقد,1964-11-12,1985-11-11,1,البحر الأحمر,بورتسودان,4,ملح,غير سارية
1180,السر محمد أحمد الوقيع للتعدين,تعدين صغير,25/2015,رخصة بحث مطلق,2015-07-09,2016-07-08,1,نهر النيل,ابوحمد,25/2015,ذهب,غير سارية
1035,السكب الهندسية,تعدين صغير,2008/7,عقد,2008-03-02,2029-03-02,1,النيل الازرق,ود الماحى,2008/7,كروم,ملغية
583,السنط للتعدين المحدودة,مخلفات,213,عقد,2018-01-11,2020-01-10,1,جنوب كردفان,تلودي,0,ذهب,غير سارية
470,السنط للتعدين المحدودة,امتياز استكشاف,SK19,إتفاقية,2016-12-01,2018-12-01,1,جنوب كردفان,تلودي,SK19,ذهب,غير سارية
1669,السوباط للطاقة المحدودة,امتياز استكشاف,SK-31E,,2025-12-02,2029-12-01,1,جنوب كردفان,جنوب كردفان,SK-31E,ذهب,سارية
1595,السوباط للطاقة المحدودة,تعدين صغير,34/2026,رخصة بحث مطلق,2026-07-22,2027-07-21,1,البحر الأحمر,جبيت المعادن,34/2026,ذهب,سارية
1075,السودان لتنمية المعادن(الشهيد),تعدين صغير,143,عقد,1997-10-01,2018-09-30,5,البحر الأحمر,حلايب,143,جبص,غير سارية
1074,السودان لتنمية المعادن(الشهيد),تعدين صغير,141,عقد,1996-01-01,2016-12-31,3,البحر الأحمر,حلايب,141,جبص,غير سارية
398,السودانية الأسترالية للتجارة والإستثمار المحدودة (SATICO),امتياز استكشاف,H12,إتفاقية,2011-09-15,2024-04-14,1,القضارف,البطانة,H12,ذهب,غير سارية
403,السودانية للتقانة  (SMT),امتياز استكشاف,7B,إتفاقية,2012-12-13,2020-12-14,1,البحر الأحمر,جبيت,7B,ذهب، حديد,غير سارية
22,الشاطئ للتعدين المحدودة,مخلفات,188,عقد,2019-05-15,2022-05-14,1,نهر النيل,بربر,0,ذهب,غير سارية
1181,الشركة السودانية اليابانية للتعدين والتنمية المتكاملة المحدودة,تعدين صغير,31/2024,رخصة بحث مطلق,2024-09-08,2025-09-07,1,الشمالية,الشمالية,31/2024,ذهب,غير سارية
1643,الشركة السودانية اليابانية للتعدين والتنمية المتكاملة المحدودة,تعدين صغير,3/2025,عقد,2025-01-28,2030-01-27,1,الشمالية,حلفا,00,ذهب,سارية
1579,الشركة السودانية اليابانية للتعدين والتنمية المتكاملة المحدودة,تعدين صغير,03/2025,عقد,2025-01-28,2030-01-27,1,الشمالية,حلفا,03/2025,ذهب,سارية
1183,الشمقمق للتعدين والإستثمار المحدودة,تعدين صغير,11/2026,رخصة بحث مطلق,2026-04-27,2027-04-26,1,الشمالية,وادي حلفا,11/2026,ذهب,سارية
1076,الشيخ مصطفى الشيخ,تعدين صغير,156,عقد,2005-09-01,2026-08-31,1,البحر الأحمر,حلايب,156,جبص,سارية
1586,الصحاري القابضة للتجارة و التعدين و الخدمات العامة المحدودة,مخلفات,114/حجر معدنيين,عقد,2025-04-23,2026-04-22,1,البحر الأحمر,جبيت,0.0,ذهب,سارية
564,الصحاري القابضة للتجارة و التعدين و الخدمات العامة المحدودة,مخلفات,114,عقد,2024-09-24,2027-09-24,1,البحر الأحمر,جبيت,0,ذهب,سارية
1713,الصحاري القابضة للتجارة والخدمات العامة,امتياز استكشاف,RS A 10,,2026-01-08,2030-01-07,1,البحر الأحمر,,RS A 10,ذهب، نحاس,سارية
1084,الصندوق القومى للمعاشات (التكامل),تعدين صغير,8/2026,عقد,2023-08-29,2028-08-28,3,نهر النيل,بربر,8/2026,رخام,سارية
1081,الصندوق القومى للمعاشات (التكامل),تعدين صغير,6/2026,عقد,2023-08-29,2028-08-28,3,نهر النيل,بربر,6/2026,رخام,سارية
1080,الصندوق القومى للمعاشات (التكامل),تعدين صغير,5/2026,عقد,2023-08-29,2028-08-28,7,نهر النيل,بربر,5/2026,رخام,سارية
1078,الصندوق القومى للمعاشات (التكامل),تعدين صغير,2/2026,عقد,2022-07-31,2027-07-30,2,نهر النيل,بربر,2/2026,رخام,سارية
1077,الصندوق القومى للمعاشات (التكامل),تعدين صغير,1/2026,عقد,2022-07-31,2027-07-30,5,نهر النيل,بربر,1/2026,رخام,سارية
1408,الصندوق القومى للمعاشات (التكامل),تعدين صغير,11/2026,عقد,2025-03-24,2030-03-23,1,نهر النيل,بربر,11/2026,رخام,سارية
1163,الصندوق القومى للمعاشات (التكامل),تعدين صغير,49/2022,رخصة بحث مطلق,2022-11-15,2023-11-16,1,نهر النيل,بربر,49/2022,الرخام,غير سارية
1371,الصندوق القومى للمعاشات (التكامل),تعدين صغير,9/2026,عقد,2023-08-29,2028-08-28,21,نهر النيل,بربر,9/2026,رخام,سارية
1079,الصندوق القومى للمعاشات (التكامل),تعدين صغير,4/2026,عقد,2023-06-13,2028-06-12,21,نهر النيل,بربر,4/2026,رخام,سارية
1082,الصندوق القومى للمعاشات (التكامل),تعدين صغير,3/2026,عقد,2023-06-10,2028-06-09,5,نهر النيل,بربر,3/2026,رخام,سارية
1083,الصندوق القومى للمعاشات (التكامل),تعدين صغير,7/2026,عقد,2023-06-07,2028-06-06,2,نهر النيل,بربر,7/2026,رخام,سارية
1165,الصندوق القومى للمعاشات (التكامل),تعدين صغير,27/2016,رخصة بحث مطلق,2016-06-08,2017-06-07,1,نهر النيل,بربر,27/2016,الرخام,غير سارية
1166,الصندوق القومى للمعاشات (التكامل),تعدين صغير,28/2016,رخصة بحث مطلق,2016-06-08,2017-06-07,1,نهر النيل,بربر,28/2016,الرخام,غير سارية
1164,الصندوق القومى للمعاشات (التكامل),تعدين صغير,28/2021,رخصة بحث مطلق,2021-06-20,2022-06-19,1,نهر النيل,بربر,28/2021,الرخام,غير سارية
1167,الصندوق القومى للمعاشات (التكامل),تعدين صغير,20/2015,رخصة بحث مطلق,2015-05-06,2016-05-05,1,نهر النيل,بربر,20/2015,الرخام,غير سارية
1407,الصندوق القومى للمعاشات (التكامل),تعدين صغير,10/2026,عقد,2025-04-20,2030-04-19,1,نهر النيل,بربر,10/2026,رخام,سارية
23,الصولج للتعدين المحدودة,مخلفات,156,عقد,2020-12-04,2023-12-03,1,نهر النيل,بربر,0,ذهب,غير سارية
1185,الضيغم العالمية للتجارة والخدمات,تعدين صغير,2017/11,عقد,2017-12-06,2022-12-05,2,جنوب كردفان,التضامن,2017/11,نحاس,غير سارية
1184,الضيغم العالمية للتجارة والخدمات,تعدين صغير,2017/12,عقد,2017-12-06,2022-12-05,2,جنوب كردفان,التضامن,2017/12,نحاس,غير سارية
1186,العبق للتعدين,تعدين صغير,34/2017,رخصة بحث مطلق,2017-06-20,2018-06-19,1,الشمالية,مروي,34/2017,ذهب,غير سارية
1187,العروة للتعدين,تعدين صغير,1/2019,رخصة بحث مطلق,2019-01-07,2020-01-06,1,الشمالية,دنقلا,1/2019,ذهب,غير سارية
1189,العسجد للأعمال المتقدمة,تعدين صغير,52/2016,رخصة بحث مطلق,2016-12-04,2017-12-03,1,الشمالية,دنقلا,52/2016,ذهب,غير سارية
1678,العطايا القارية للتنمية المحدودة,تعدين صغير,17/2025,عقد,2025-12-22,2030-12-21,1,الشمالية,حلفا,17/2025,ذهب,سارية
1192,العطايا القارية للتنمية المحدودة,تعدين صغير,32/2021,رخصة بحث مطلق,2021-07-28,2022-07-27,1,الشمالية,حلفا,32/2021,ذهب,غير سارية
1190,العطايا القارية للتنمية المحدودة,تعدين صغير,2021/3,عقد,2021-07-15,2026-07-14,2,الشمالية,حلفا,2021/3,ذهب,سارية
1193,العطايا القارية للتنمية المحدودة,تعدين صغير,19/2020,رخصة بحث مطلق,2020-03-18,2021-03-17,1,نهر النيل,ابوحمد,19/2020,مايكا,غير سارية
1191,العطايا القارية للتنمية المحدودة,تعدين صغير,18/2021,رخصة بحث مطلق,2021-07-28,2022-07-27,1,الشمالية,حلفا,18/2021,نحاس، ذهب,غير سارية
126,العنود للتعدين,مخلفات,149,عقد,2021-04-26,2024-04-25,1,النيل الازرق,ود الماحى,0,ذهب,غير سارية
1194,العواد للتعدين,تعدين صغير,11/2018,رخصة بحث مطلق,2018-04-25,2019-04-24,1,الشمالية,دلقو,11/2018,ذهب,غير سارية
487,الغالي للتعدين المحدودة,امتياز استكشاف,NS19,إتفاقية,2018-11-27,2021-11-25,1,الشمالية,دلقو,NS19,ذهب,غير سارية
1397,الفخامة العربية المحدودة,تعدين صغير,8/2024,رخصة بحث مطلق,2024-03-03,2025-03-02,2,الشمالية,دلقو,8/2024,ذهب,غير سارية
63,الفدرالية للأعمال المتقدمة المحدودة,مخلفات,97,عقد,2022-04-05,2025-04-04,1,نهر النيل,ابوحمد,0,ذهب,سارية
1558,الفرقان للتعدين,تعدين صغير,47/2024,رخصة بحث مطلق,2024-12-16,2025-12-15,1,البحر الأحمر,جبيت المعادن,47/2024,ذهب,غير سارية
1562,الفطيم للأعمال المتقدمة المحدودة,مخلفات,146/حجر معدنيين,عقد,2025-01-28,2026-01-27,1,الشمالية,حلفا,,ذهب,سارية
78,الفطيم للأعمال المتقدمة المحدودة,مخلفات,146,عقد,2025-05-04,2028-05-21,1,الشمالية,وادي حلفا,0,ذهب,سارية
1195,القبه للتعدين,تعدين صغير,45/2020,رخصة بحث مطلق,2020-09-15,2021-09-14,1,شمال دارفور,كتم,45/2020,ذهب,غير سارية
1085,القواسمة للتعدين,تعدين صغير,7/2025,عقد,2025-04-08,2030-04-07,2,البحر الأحمر,القنب والأوليب,7/2025,ملح,سارية
1524,القويسي للتعدين,مخلفات,36/خام معالج مسبقاً,عقد,2024-12-09,2025-12-08,1,نهر النيل,ابوحمد,,ذهب,غير سارية
33,القويسي للتعدين,مخلفات,197,عقد,2024-06-14,2027-06-13,1,نهر النيل,ابوحمد,0,ذهب,سارية
555,الكامل للتعدين (ام سرح),مخلفات,169,عقد,2017-05-18,2019-05-17,1,نهر النيل,ابوحمد,0,ذهب,سارية
1714,الكتلة الذهبية للتعدين المحدودة,امتياز استكشاف,RS-5K,,2026-04-04,2030-04-03,1,البحر الأحمر,,RS-5K,ذهب,سارية
1715,الكتلة الذهبية للتعدين المحدودة,امتياز استكشاف,RS-5G,,2026-04-04,2030-04-03,1,البحر الأحمر,,RS-5G,ذهب,سارية
1782,الكرامة الطبية للاستثمار المحدودة,تعدين صغير,31/2026,رخصة بحث مطلق,2026-07-15,2027-07-14,1,الشمالية,دلقو,31/2026,ذهب,سارية
1196,الكيش للتعدين,تعدين صغير,12/2018,عقد,2018-05-31,2023-05-30,1,نهر النيل,الدامر,12/2018,ذهب,غير سارية
92,المؤسسة التعاونية ام أيه و شركة أم أيه جنرال سيرفس المحدودة,مخلفات,116,عقد,2021-09-02,2024-09-01,1,الشمالية,وادي حلفا,0,ذهب,سارية
25,المبرأة للتعدين والاستثمار المحدودة,مخلفات,179,عقد,2021-12-27,2022-12-26,1,نهر النيل,بربر,0,ذهب,غير سارية
447,المتحدة للتعدين المحدودة (يو إم سي),امتياز استكشاف,8,إتفاقية,2013-11-09,2022-07-01,1,نهر النيل,ابوحمد,8,ذهب,سارية
1497,المختار للتعدين,تعدين صغير,53/2011,عقد,2011-01-01,2040-12-31,1,النيل الازرق,باو,53/2011,كروم,ملغية
1197,المرسال للتعدين,تعدين صغير,1/2022,عقد,2022-02-13,2027-02-12,2,البحر الأحمر,هيا,1/2022,ذهب,سارية
16,المسار العالمية للخدمات والتعدين المحدودة,مخلفات,22,عقد,2025-09-26,2028-09-25,1,نهر النيل,بربر,0,ذهب,سارية
1802,المسار العالمية للخدمات والتعدين المحدودة (بربر),مخلفات,312 معالجة مسبقا,عقد,2026-04-19,2027-04-18,1,نهر النيل,بربر,,ذهب,سارية
557,المسبار لخدمات البترول المحدودة,مخلفات,162,عقد,2018-10-16,2019-10-15,1,نهر النيل,بربر,0,ذهب,غير سارية
1198,المستشار المتحدة للأنشطة,تعدين صغير,31/2022,رخصة بحث مطلق,2022-06-21,2023-06-20,1,الشمالية,دلقو,31/2022,ذهب,غير سارية
1199,المستقلة للتعدين المحدودة,تعدين صغير,5/2016,رخصة بحث مطلق,2016-01-17,2017-01-16,1,نهر النيل,الدامر,5/2016,ذهب,غير سارية
1200,المشهداني للتعدين المحدودة,تعدين صغير,43/2022,رخصة بحث مطلق,2022-09-11,2023-09-10,1,الشمالية,دنقلا,43/2022,ذهب,غير سارية
1668,المقرن للبترول المحدودة,امتياز استكشاف,SK-31D,إتفاقية,2025-12-02,2029-12-01,1,جنوب كردفان,جنوب كردفان,SK-31D,ذهب,سارية
1674,المناجم للتعدين و الحلول المتكاملة المحدودة,مخلفات,251,عقد,2025-12-09,2028-12-08,1,الشمالية,وادي حلفا,,ذهب,سارية
89,المنظور البعيد للأنشطة المتعددة المحدودة,مخلفات,104,عقد,2025-12-14,2028-12-13,1,الشمالية,وادي حلفا,0,ذهب,سارية
1201,النابتة الهندسية,تعدين صغير,20/2015,عقد,2015-06-04,2025-06-03,1,البحر الأحمر,هيا,20/2015,سيليكا,غير سارية
1202,الناير للتعدين,تعدين صغير,45/2016,رخصة بحث مطلق,2016-09-19,2017-09-18,1,الشمالية,دنقلا,45/2016,ذهب,غير سارية
998,النجدين اوفر سيز المحدودة,تعدين صغير,2009/35,عقد,2009-07-01,2039-06-30,2,النيل الازرق,باو,2009/35,كروم,سارية
997,النجدين اوفر سيز المحدودة,تعدين صغير,2009/36,عقد,2009-07-01,2039-06-30,2,النيل الازرق,باو,2009/36,كروم,سارية
1203,النجم للتعدين,تعدين صغير,22/2026,رخصة بحث مطلق,2026-06-23,2027-06-22,1,الشمالية,الشمالية,22/2026,ذهب,سارية
999,النجم للتعدين,تعدين صغير,18/2022,عقد,2022-09-05,2027-09-04,1,البحر الأحمر,حلايب,18/2022,ذهب,سارية
1791,النجم للتعدين,تعدين صغير,38/2026,رخصة بحث مطلق,2026-07-30,2027-07-29,1,الشمالية,دلقو,38/2026,ذهب,سارية
1792,النجم للتعدين,تعدين صغير,39/2026,رخصة بحث مطلق,2026-07-30,2027-07-29,1,الشمالية,دلقو,39/2026,ذهب,سارية
446,النحلة للبترول المحدودة,امتياز استكشاف,SK14,إتفاقية,2015-02-26,2018-12-12,1,جنوب كردفان,الليري,SK14,ذهب,غير سارية
474,النحلة للتنمية والإسكان المحدودة,امتياز استكشاف,57C,إتفاقية,2017-02-20,2022-06-18,1,البحر الأحمر,القنب والأوليب,57C,ذهب,غير سارية
578,النعيم للتعدين,مخلفات,229,عقد,2020-01-02,2023-01-01,1,شمال كردفان,سودري,0,ذهب,غير سارية
1204,النواتي العالمية,تعدين صغير,13/2009,عقد,2009-07-02,2039-07-01,1,البحر الأحمر,درديب,13/2009,حديد,سارية
456,النواتي للتعدين (النواتي لتعدين الذهب والنحاس),امتياز استكشاف,16,إتفاقية,2010-06-24,2023-09-23,1,البحر الأحمر,جبيت,16,ذهب,سارية
191,النواتي للذهب والنحاس المحدودة,امتياز منتجة,2013/2,,2012-11-11,2042-11-11,6,البحر الأحمر,جبيت المعادن,16,ذهب,سارية
1205,النيزك للتعدين,تعدين صغير,15/2021,رخصة بحث مطلق,2021-05-09,2022-05-08,1,الشمالية,مروي,15/2021,ذهب,غير سارية
426,الهاجري للأعمال المتقدمة المحدودة,امتياز استكشاف,4C,إتفاقية,2014-06-24,2024-09-29,1,الشمالية,حلفا,4C,ذهب,غير سارية
1206,الهصور للتعدين,تعدين صغير,46/2015,رخصة بحث مطلق,2015-12-03,2016-12-02,1,نهر النيل,ابوحمد,46/2015,ذهب,غير سارية
1537,الهصور للتعدين - (الخناق),مخلفات,33/خام معالج مسبقاً,عقد,2026-01-14,2027-01-13,1,الشمالية,وادي حلفا,0.0,ذهب,سارية
72,الهصور للتعدين - (الخناق),مخلفات,224,عقد,2025-07-17,2028-07-16,1,الشمالية,وادي حلفا,0.0,ذهب,سارية
213,الهصور للتعدين - (الخناق),مخلفات,33/حجر معدنيين,عقد,2022-07-17,2025-07-16,1,الشمالية,وادي حلفا,0.0,ذهب,سارية
69,الهصور للتعدين - (كدرمة),مخلفات,227,عقد,2025-07-17,2028-07-16,1,الشمالية,دلقو,0.0,ذهب,سارية
212,الهصور للتعدين - (كدرمة),مخلفات,227/حجر معدنيين,عقد,2022-07-17,2025-07-16,1,الشمالية,دلقو,0.0,ذهب,سارية
1207,الهيئة العامة للابحاث الجيولوجية,تعدين صغير,70/2009,عقد,2009-11-09,2039-10-08,1,نهر النيل,عطبرة,70/2009,حديد,سارية
466,الوادي الأصفر للتجارة و الإستثمار المحدودة,امتياز استكشاف,68D,إتفاقية,2016-08-22,2018-08-21,1,البحر الأحمر,حلايب,68D,ذهب,ملغية
1736,الوادي النوبي للتعدين والتجارة والخدمات العامة,تعدين صغير,12/2026,رخصة بحث مطلق,2026-05-04,2027-05-03,1,الشمالية,وادي حلفا,12/2026,ذهب,سارية
1036,الوادي للمقاولات والتجارة,تعدين صغير,48/2022,رخصة بحث مطلق,2022-11-14,2023-11-13,1,البحر الأحمر,حلايب,48/2022,ذهب,غير سارية
427,الولاية الشمالية,امتياز استكشاف,NS11,إتفاقية,2012-09-26,2017-07-26,1,الشمالية,دنقلا,NS11,ذهب,غير سارية
190,اليانس للتعدين المحدودة,امتياز منتجة,2015/14,,2015-05-12,2035-05-12,13,البحر الأحمر,هيا,30,ذهب,سارية
1431,اليانس للتعدين المحدودة,امتياز منتجة,مربع 30 / حجر,,2026-03-03,2027-03-02,1,البحر الأحمر,هيا,30,ذهب,سارية
1209,اليرموك للخدمات الصناعية المحدودة,تعدين صغير,2009/5,عقد,2010-10-12,2040-10-11,2,البحر الأحمر,درديب,2009/5,حديد,سارية
1208,اليرموك للخدمات الصناعية المحدودة,تعدين صغير,2009/4,عقد,2010-10-12,2040-10-11,1,البحر الأحمر,درديب,2009/4,حديد,سارية
1210,اليرموك للخدمات الصناعية المحدودة,تعدين صغير,2010/7,عقد,2010-03-18,2040-03-17,4,البحر الأحمر,هيا,2010/7,منجنيز,سارية
1418,ام اس اى كاى للتعدين,تعدين صغير,28/2024,رخصة بحث مطلق,2024-08-06,2025-08-05,1,البحر الأحمر,جبيت المعادن,28/2024,ذهب,غير سارية
1404,ام اف زد,تعدين صغير,9/2024,رخصة بحث مطلق,2024-03-07,2025-03-06,1,الشمالية,البرقيق,9/2024,ذهب,غير سارية
1255,ام بي ار العالمية المحدودة,تعدين صغير,9/2022,عقد,2022-05-16,2027-05-15,1,نهر النيل,بربر,9/2022,كيانايت,سارية
1557,ام بي ار العالمية المحدودة,تعدين صغير,33/2022,عقد,2022-10-19,2027-10-18,1,البحر الأحمر,درديب,33/2022,كوارتز,سارية
1734,ام بي ار العالمية المحدودة,تعدين صغير,35/2022,عقد,2022-10-19,2027-10-18,1,البحر الأحمر,درديب,35/2022,كوارتز,سارية
1733,ام بي ار العالمية المحدودة,تعدين صغير,34/2022,عقد,2022-10-19,2027-10-18,1,البحر الأحمر,درديب,34/2022,كوارتز,سارية
96,ام ضرابة للإستثمار و النقل المحدودة,مخلفات,75,عقد,2022-08-25,2025-08-24,1,الشمالية,الدبة,0,ذهب,سارية
1214,امنين للاستيراد والتصدير,تعدين صغير,63/2010,عقد,2010-10-31,2040-10-30,1,النيل الازرق,ود الماحى,63/2010,كروم,ملغية
1212,امنين للاستيراد والتصدير,تعدين صغير,61/2010,عقد,2010-10-31,2040-10-30,1,النيل الازرق,ود الماحى,61/2010,كروم,ملغية
1215,امنين للاستيراد والتصدير,تعدين صغير,64/2010,عقد,2010-10-31,2040-10-30,1,النيل الازرق,ود الماحى,64/2010,كروم,ملغية
1213,امنين للاستيراد والتصدير,تعدين صغير,62/2010,عقد,2010-10-31,2040-10-30,1,النيل الازرق,ود الماحى,62/2010,كروم,ملغية
1211,امنين للاستيراد والتصدير,تعدين صغير,60/2010,عقد,2010-10-31,2040-10-30,1,النيل الازرق,ود الماحى,60/2010,كروم,ملغية
1461,امين الفاضل عوض,تعدين صغير,1154,عقد,2002-01-09,2002-01-09,1,القضارف,قلع النحل,1154,رخام,ملغية
123,انترنت العالمية للتجارة والترحيل,مخلفات,158,عقد,2023-11-24,2026-11-23,1,البحر الأحمر,جبيت,0,ذهب,سارية
1770,اندجان للتعدين,تعدين صغير,45/2024,رخصة بحث مطلق,2024-12-01,2025-11-30,1,نهر النيل,شندي,45/2024,ذهب,غير سارية
1570,اوبال الخليج للانشطة المتعددة,تعدين صغير,13/2025,رخصة بحث مطلق,2025-03-23,2026-03-22,1,الشمالية,وادي حلفا,13/2025,ذهب,غير سارية
1488,اولماج للتجارة والاستثمار,تعدين صغير,88/2010,عقد,2010-10-01,2040-11-30,1,النيل الازرق,باو,88/2010,كروم,ملغية
1581,اونيكس جيوسينس,تعدين صغير,35/2021,رخصة بحث مطلق,2021-08-09,2022-08-08,1,البحر الأحمر,جبيت المعادن,35/2021,ذهب,غير سارية
469,اي آد تيكنولوجي المحدودة,امتياز استكشاف,2A-3,إتفاقية,2016-08-01,2022-07-31,1,البحر الأحمر,حلايب,2A-3,ذهب,غير سارية
410,ايربوس للهندسة والتجارة المحدودة,امتياز استكشاف,RSCU2,إتفاقية,2014-09-03,2024-05-01,1,البحر الأحمر,هيا,RSCU2,نحاس، ذهب,مجمدة
1216,ايفرست للاعمال المتقدمة,تعدين صغير,20/2021,رخصة بحث مطلق,2021-06-02,2022-06-01,1,الشمالية,دنقلا,20/2021,ذهب,غير سارية
1601,ايه اند دي المتحدة المحدودة,تعدين صغير,27/2025,رخصة بحث مطلق,2025-05-25,2026-05-24,1,الشمالية,مروي,27/2025,ذهب,سارية
1602,ايه اند دي المتحدة المحدودة,تعدين صغير,28/2025,رخصة بحث مطلق,2025-05-25,2026-05-24,1,الشمالية,مروي,28/2025,ذهب,سارية
1654,ايون شيلد المحدودة,مخلفات,244,عقد,2025-11-11,2028-11-10,1,جنوب كردفان,قدير,,ذهب,سارية
1540,بان تك,مخلفات,32,عقد,2025-01-19,2028-01-18,1,النيل الازرق,قيسان,,ذهب,سارية
203,بان سودان ريسورسز للتعدين المحدودة,امتياز منتجة,2024/4,,2022-03-12,2042-03-12,1,نهر النيل,الدامر,RNS11,ذهب,سارية
1556,بانقا للتعدين,تعدين صغير,48/2025,رخصة بحث مطلق,2025-10-01,2026-09-30,1,البحر الأحمر,جبيت المعادن,48/2025,ذهب,سارية
1260,بانورا للتعدين,تعدين صغير,30/2015,رخصة بحث مطلق,2015-07-12,2016-07-11,1,الشمالية,دنقلا,30/2015,ذهب,غير سارية
1259,بانورا للتعدين,تعدين صغير,27/2016,رخصة بحث مطلق,2016-06-12,2017-06-11,1,الشمالية,دنقلا,27/2016,ذهب,غير سارية
1092,باى تك للتعدين والمحاجر,تعدين صغير,18/2009,عقد,2009-12-01,2039-11-30,1,النيل الازرق,باو,18/2009,كروم,سارية
1093,باى تك للتعدين والمحاجر,تعدين صغير,19/2009,عقد,2009-12-01,2039-11-30,1,النيل الازرق,باو,19/2009,كروم,سارية
1094,باى تك للتعدين والمحاجر,تعدين صغير,20/2009,عقد,2009-12-01,2039-11-30,1,النيل الازرق,باو,20/2009,كروم,سارية
1504,بايتكس للتجارة والاستثمار المحدودة,تعدين صغير,71/2010,عقد,2010-10-31,2040-10-30,1,النيل الازرق,باو,71/2010,كروم,ملغية
1680,بتروفيلد للتعدين المحدودة,مخلفات,3/خام معالج مسبقاً,عقد,2025-11-27,2026-11-26,1,نهر النيل,ابوحمد,,ذهب,سارية
54,بتروفيلد للتعدين المحدودة,مخلفات,3,عقد,2024-06-20,2029-06-19,1,نهر النيل,ابوحمد,0,ذهب,سارية
1670,بتروهاوس للتجارة والاستثمار المحدودة,تعدين صغير,56/2025,رخصة بحث مطلق,2025-12-21,2026-12-20,1,الشمالية,دنقلا,56/2025,ذهب,سارية
165,بتنوس انترناشونال سيرفس المحدودة,مخلفات,68,عقد,2025-11-23,2028-11-22,1,البحر الأحمر,حلايب,0,ذهب,سارية
1095,بدوى عبد الله محمد,تعدين صغير,34,عقد,1996-11-01,2017-10-31,3,البحر الأحمر,بورتسودان,34,ملح,غير سارية
1649,بر الوالدين المتميزة للأنشطة المتعددة المحدودة,مخلفات,240,عقد,2025-10-10,2028-10-09,1,جنوب كردفان,الليري,,ذهب,سارية
79,برخيا للأعمال المتقدمة المحدودة,مخلفات,128,عقد,2021-06-23,2024-06-22,1,الشمالية,الدبة,0,ذهب,غير سارية
1672,بركات بلادي,تعدين صغير,55/2025,رخصة بحث مطلق,2025-12-09,2026-12-08,1,الشمالية,حلفا,55/2025,ذهب,سارية
422,بركان للصناعات المعدنية المحدودة,امتياز استكشاف,SK7,إتفاقية,2011-09-19,2021-12-05,1,جنوب كردفان,ابوجبيهة,SK7,نحاس، ذهب,مجمدة
1677,بست قولد للتعدين و الأنشطة المتعددة المحدودة,مخلفات,253,عقد,2025-10-15,2028-10-14,1,الشمالية,دلقو,,ذهب,سارية
1261,بعتر زقو للتعدين,تعدين صغير,4/2022,عقد,2022-03-15,2027-03-14,2,نهر النيل,ابوحمد,4/2022,ذهب,سارية
478,بلوتو للأنشطة المتعددة المحدودة (بلوتو للتعدين- إسم عمل),امتياز استكشاف,NS-R1,إتفاقية,2018-02-06,2020-08-11,1,الشمالية,حلفا,NS-R1,ذهب,غير سارية
1600,بنترا تكنولجي المحدودة,تعدين صغير,26/2025,رخصة بحث مطلق,2025-05-25,2026-05-24,1,البحر الأحمر,حلايب,26/2025,ذهب,سارية
1401,بنتوس انترناشونال,تعدين صغير,2/2024,رخصة بحث مطلق,2024-01-24,2025-01-23,1,الشمالية,وادي حلفا,2/2024,ذهب,غير سارية
460,بولي بيوضة لتعدين الذهب ( حجاجية),امتياز استكشاف,21,إتفاقية,2002-05-18,2025-06-06,1,نهر النيل,بربر,21,ذهب,سارية
1618,بي إن للتعدين المحدودة,مخلفات,9/خام معالج مسبقاً,عقد,2025-05-25,2026-05-24,1,نهر النيل,بربر,,ذهب,سارية
1594,بي إن للتعدين المحدودة,مخلفات,9/حجر معدنيين,عقد,2025-04-21,2026-04-20,1,نهر النيل,بربر,,ذهب,سارية
18,بي إن للتعدين المحدودة,مخلفات,178,عقد,2024-01-31,2026-01-30,1,نهر النيل,بربر,0,ذهب,غير سارية
1543,بي إن للطاقة,امتياز استكشاف,RS-12V,إتفاقية,2024-10-14,2028-10-13,1,البحر الأحمر,,,الكوبالت CO,سارية
1448,بي تي اكس,تعدين صغير,5/2014,عقد,2014-12-23,2024-12-22,1,نهر النيل,بربر,5/2014,منجنيز,ملغية
199,بيرث لإنتاج المعادن المحدودة,امتياز منتجة,2022/30,,2022-10-05,2043-10-05,3,القضارف,البطانة,GS12,ذهب,سارية
416,بيوضة الكبرى للإستثمار  والتنمية,امتياز استكشاف,26B,إتفاقية,2010-11-07,2025-02-06,1,نهر النيل,عطبرة,26B,ذهب,غير سارية
34,تاناش لمعالجة مخلفات التعدين,مخلفات,198,عقد,2018-05-04,2020-05-03,1,نهر النيل,ابوحمد,0,ذهب,غير سارية
461,تاهي العالمية للتعدين (دلقو للتعدين),امتياز استكشاف,17,إتفاقية,2010-04-27,2024-09-07,1,الشمالية,دلقو,17,ذهب,سارية
1681,تبتيل للتعدين,مخلفات,255,عقد,2026-01-25,2029-01-24,1,الشمالية,وادي حلفا,0,ذهب,سارية
1484,ترنديل العالمية المحدودة,تعدين صغير,37/2008,عقد,2008-10-09,2038-10-08,1,النيل الازرق,باو,37/2008,كروم,ملغية
1262,تسكين للإستثمار المحدودة,تعدين صغير,18/2015,رخصة بحث مطلق,2015-05-06,2016-05-05,1,النيل الازرق,باو,18/2015,منجنيز,غير سارية
1629,تعدين ولائي,تعدين صغير,pa4,عقد,2015-01-01,2035-01-01,1,البحر الأحمر,بورتسودان,pa4,ذهب,سارية
562,تقسيط للتعدين,مخلفات,43,عقد,2024-08-22,2027-08-21,1,الشمالية,دنقلا,0,ذهب,سارية
1631,تقسيط للتعدين,مخلفات,43/حجر معدنيين,عقد,2025-07-07,2026-07-06,1,الشمالية,دنقلا,0.00,ذهب,سارية
1096,تكروف,تعدين صغير,بدون,عقد,2023-09-04,2027-09-03,1,البحر الأحمر,هيا,بدون,ذهب,سارية
1263,تم شم للتعدين,تعدين صغير,3/2026,عقد,2026-03-02,2031-03-01,2,الشمالية,دنقلا,3/2026,ذهب,سارية
1042,توكيلات باعبود التجاريه,تعدين صغير,20,عقد,1981-12-01,2002-01-31,3,البحر الأحمر,بورتسودان,20,ملح,غير سارية
1043,تونتي فور ناين,تعدين صغير,3/2023,رخصة بحث مطلق,2023-02-01,2024-01-31,1,البحر الأحمر,جبيت,3/2023,ذهب,غير سارية
95,تونجل للتعدين المحدودة (1),مخلفات,78,عقد,2022-08-07,2025-08-06,1,الشمالية,وادي حلفا,0,ذهب,غير سارية
1517,تونجل للتعدين المحدودة (2),مخلفات,55/حجر معدنيين,عقد,2025-09-22,2026-09-21,1,الشمالية,دنقلا,0,ذهب,سارية
91,تونجل للتعدين المحدودة (2),مخلفات,55,عقد,2025-12-26,2028-12-25,1,الشمالية,دنقلا,0,ذهب,سارية
1769,تونجوك لانجيت,تعدين صغير,44/2024,رخصة بحث مطلق,2024-12-01,2025-11-30,1,نهر النيل,شندي,44/2024,رمال بيضاء,غير سارية
463,تيانجين هواكان,امتياز استكشاف,20,إتفاقية,2006-03-31,2017-07-01,1,نهر النيل,بربر,20,ذهب,غير سارية
85,ثروة الإستشارية المحدودة,مخلفات,7,عقد,2022-06-21,2025-06-20,1,الشمالية,وادي حلفا,0.0,ذهب,غير سارية
1577,ثروة الإستشارية المحدودة,مخلفات,7/حجر معدنيين,عقد,2024-12-18,2025-12-18,1,الشمالية,وادي حلفا,0.0,ذهب,سارية
1264,جازان للتعدين,تعدين صغير,50/2017,رخصة بحث مطلق,2017-11-12,2018-11-11,1,الشمالية,دلقو,50/2017,ذهب,غير سارية
1419,جراب للأنشطة المتعددة المحدودة,تعدين صغير,47/2025,رخصة بحث مطلق,2025-10-01,2026-09-30,1,الشمالية,حلفا,47/2025,ذهب,سارية
124,جلجال للتعدين,مخلفات,27,عقد,2023-11-14,2026-11-13,1,كسلا,تلكوك,0,ذهب,سارية
81,جمعية نور الهدى التجارية المتعددة الاغراض,مخلفات,110,عقد,2024-11-16,2027-11-15,1,الشمالية,دلقو,0,ذهب,سارية
216,جمعية نور الهدى التجارية المتعددة الاغراض,مخلفات,110/حجر معدنيين,عقد,2024-03-27,2025-03-26,1,الشمالية,دلقو,0.0,ذهب,غير سارية
1682,جن موشي خواتو للأعمال المتقدمة المحدودة,مخلفات,217/حجر معدنين,عقد,2026-01-05,2027-01-04,1,نهر النيل,ابوحمد,0,ذهب,سارية
28,جن موشي خواتو للأعمال المتقدمة المحدودة,مخلفات,217,عقد,2022-12-17,2025-12-16,1,نهر النيل,ابوحمد,0,ذهب,غير سارية
424,جهينة للتجارة والاستثمار المحدودة,امتياز استكشاف,1B,إتفاقية,2011-05-18,2024-01-31,1,الشمالية,حلفا,1B,ذهب,سارية
1265,حباب للإستثمار والتطوير العقاري,تعدين صغير,8/2017,رخصة بحث مطلق,2017-02-08,2018-02-07,1,الشمالية,الشمالية,8/2017,ذهب,غير سارية
1310,حباب للإستثمار والتطوير العقاري,تعدين صغير,2018/7,عقد,2025-11-05,2030-11-04,4,الشمالية,دنقلا,2018/7-8/2018,ذهب,سارية
1309,حباب للإستثمار والتطوير العقاري,تعدين صغير,2018/8,عقد,2025-11-05,2030-11-04,1,الشمالية,دنقلا,2018/8,ذهب,سارية
188,حجاجية لتعدين الذهب المحدودة,امتياز منتجة,2013/32,,2013-05-21,2043-05-21,2,نهر النيل,بربر,21,ذهب,سارية
1374,حجازي للحلول المتكاملة,تعدين صغير,20/2021,عقد,2021-12-31,2026-12-30,2,البحر الأحمر,حلايب,20/2021,ذهب,سارية
556,حسين مضوى لمعالجة مخلفات الجيرة,مخلفات,86,عقد,2021-07-10,2022-06-10,1,نهر النيل,ابوحمد,0,ذهب,غير سارية
399,حكومة ولاية كسلا,امتياز استكشاف,KS5,إتفاقية,2014-02-13,2015-02-12,1,كسلا,تلكوك,KS5,ذهب,غير سارية
419,حكومة ولاية نهر النيل و  أركيديا للموارد الأفريقية المحدودة,امتياز استكشاف,RNS3,إتفاقية,2013-10-26,2024-03-09,1,نهر النيل,ابوحمد,RNS3,ذهب,سارية
1266,حمزة بابكر الحاج للحلول المتكاملة,تعدين صغير,64/2019,رخصة بحث مطلق,2019-12-18,2020-12-17,1,الشمالية,حلفا,64/2019,ذهب,غير سارية
1375,خالد شيخ ادريس,تعدين صغير,41,عقد,1992-08-01,2013-07-31,1,البحر الأحمر,القنب والأوليب,41,ملح,غير سارية
1673,خروب للأعمال المتقدمة المحدودة (ديو ميدي للتعدين),مخلفات,250,عقد,2025-03-11,2028-03-10,1,النيل الازرق,باو,,ذهب,سارية
1267,داقلوج للتجارة المحدودة,تعدين صغير,13/2022,رخصة بحث مطلق,2022-03-29,2023-03-28,1,نهر النيل,بربر,13/2022,مايكا,غير سارية
468,دانفوديو لخدمات البترول المحدودة,امتياز استكشاف,3B,إتفاقية,2012-10-01,2027-02-01,1,البحر الأحمر,جبيت,3-B,ذهب,سارية
1273,دبيجه للتعدين,تعدين صغير,31/2020,رخصة بحث مطلق,2020-08-16,2021-08-15,1,نهر النيل,ابوحمد,31/2020,ذهب,غير سارية
105,دقرسم للتنمية الحضرية المحدودة,مخلفات,183,عقد,2026-01-04,2029-01-03,1,البحر الأحمر,جبيت,0,ذهب,سارية
1630,دلاس ريسورس للتعدين المحدودة,مخلفات,1,عقد,2025-08-11,2028-08-10,1,جنوب كردفان,الليري,0.00,ذهب,سارية
1721,دلاس للإنشطة المتعددة المحدودة,مخلفات,277,عقد,2026-04-19,2029-04-18,1,جنوب كردفان,الليري,,ذهب,سارية
185,دلقو للتعدين المحدودة,امتياز منتجة,(2012)/1-11,,2012-01-21,2042-01-21,11,الشمالية,دلقو,17,ذهب,سارية
1044,د.محمد ادم عثمان,تعدين صغير,1/2021,عقد,2021-04-19,2026-04-18,4,البحر الأحمر,حلايب,1/2021,جبص,غير سارية
70,دوسة للأنشطة المتعددة,مخلفات,210,عقد,2026-01-01,2029-01-01,1,الشمالية,وادي حلفا,0,ذهب,سارية
184,دويشات للتعدين المحدودة,امتياز منتجة,2013/15-27,,2013-02-08,2043-02-08,17,الشمالية,وادي حلفا,A1,ذهب,سارية
1432,دويشات للتعدين المحدودة,امتياز منتجة,مربع A1/ حجر,,2024-08-12,2025-08-11,1,الشمالية,وادي حلفا,A1,ذهب,سارية
1762,ديالا (الحلاق),تعدين صغير,69/2009,عقد,2009-07-01,2039-06-30,1,النيل الازرق,باو,69/2009,كروم,ملغية
1761,ديالا (الحلاق),تعدين صغير,67/2009,عقد,2009-07-01,2039-06-30,1,النيل الازرق,باو,67/2009,كروم,ملغية
1464,ديالا (الحلاق),تعدين صغير,68/2011,عقد,2009-07-02,2039-07-01,1,النيل الازرق,باو,68/2011,كروم,ملغية
194,دي ام للتعدين المحدودة,امتياز منتجة,2021/1,,2021-06-17,2041-06-17,1,البحر الأحمر,هيا,RS-64D,ذهب,سارية
1433,دي ام للتعدين المحدودة,امتياز منتجة,RS-64D/حجر,,2023-11-05,2024-11-03,1,البحر الأحمر,هيا,RS-64D,ذهب,غير سارية
1727,ديتاسي للإستثمار المحدودة,مخلفات,282,عقد,2026-03-10,2027-03-09,1,الشمالية,دلقو,,ذهب,سارية
71,ديتاسي للإستثمار المحدودة,مخلفات,200,عقد,2024-01-31,2027-01-30,1,الشمالية,دلقو,0,ذهب,سارية
1676,ديدان مامور للأنشطة المتعددة المحدودة,مخلفات,254,عقد,2025-12-14,2028-12-13,1,جنوب كردفان,تلودي,,ذهب,سارية
451,ديزل للتعدين,امتياز استكشاف,SK 11,إتفاقية,2015-11-29,2020-03-26,1,جنوب كردفان,تلودي,SK 11,ذهب,غير سارية
197,راندكو للتعدين المحدودة,امتياز منتجة,Id/57,,2022-02-01,2042-02-01,2,البحر الأحمر,جبيت المعادن,16B,ذهب,سارية
14,رضا للهندسة والإنشاءات المحدودة,مخلفات,226,عقد,2019-08-16,2022-08-15,1,نهر النيل,بربر,0,ذهب,غير سارية
554,رضا للهندسة والإنشاءات المحدودة (الكرو),مخلفات,167,عقد,2017-07-31,2019-07-30,1,نهر النيل,ابوحمد,0,ذهب,سارية
1662,روزيلا للتعدين,تعدين صغير,50/2024,رخصة بحث مطلق,2024-12-31,2025-12-30,1,البحر الأحمر,جبيت المعادن,50/2024,ذهب,سارية
1045,روكي كراون قولد ماينغ المحدودة,تعدين صغير,27/2026,رخصة بحث مطلق,2026-07-07,2027-07-06,1,نهر النيل,بربر,27/2026,ذهب,سارية
1274,رويال لتنمية الأعمال المحدودة,تعدين صغير,25/2017,رخصة بحث مطلق,2017-04-11,2018-04-10,1,الشمالية,دنقلا,25/2017,ذهب,غير سارية
1758,ريبورن باور للتعدين المحدودة,تعدين صغير,14/2026,رخصة بحث مطلق,2026-05-10,2027-05-09,1,القضارف,البطانة,14/2026,ذهب,سارية
1793,ريبورن باور للتعدين المحدودة,تعدين صغير,41/2026,رخصة بحث مطلق,2026-08-02,2027-08-01,1,القضارف,البطانة,41/2026,ذهب,سارية
1275,ريفر نايل للمشاريع,تعدين صغير,38/2025,رخصة بحث مطلق,2025-08-25,2026-08-24,1,الشمالية,وادي حلفا,38/2025,ذهب,سارية
1046,ريفر نايل للمشاريع,تعدين صغير,37/2022,عقد,2022-12-22,2027-12-21,1,الشمالية,وادي حلفا,37/2022,ذهب,سارية
106,زرياب للتنمية المحدودة (وديان للتعدين),مخلفات,231,عقد,2026-01-24,2029-01-23,1,البحر الأحمر,القنب والأوليب,0,ذهب,سارية
1276,زوان للتنمية المحدودة,تعدين صغير,2/2018,رخصة بحث مطلق,2018-02-01,2019-01-31,1,الشمالية,دنقلا,2/2018,ذهب,غير سارية
1415,زوكا للاستثمار والتنمية,تعدين صغير,25/2024,رخصة بحث مطلق,2024-07-17,2025-07-16,1,القضارف,البطانة,25/2024,جرافايت,غير سارية
1277,زوماك للتنمية الحضرية,تعدين صغير,15/2018,رخصة بحث مطلق,2018-05-08,2019-05-07,1,الشمالية,مروي,15/2018,ذهب,غير سارية
464,زيتونة للتعدين,امتياز استكشاف,68C,إتفاقية,2016-08-15,2024-11-14,1,البحر الأحمر,جبيت,68C,ذهب,غير سارية
1615,سابفير للذهب و المجوهرات,مخلفات,34,عقد,2024-12-12,2027-12-11,1,الشمالية,دلقو,,ذهب,سارية
1705,سالم لإنتاج الذهب و المعادن المحدودة,امتياز منتجة,3/2025,عقد,2025-12-07,2055-12-06,1,نهر النيل,عطبرة,26B,ذهب,سارية
485,سانجوب للتعدين,امتياز استكشاف,RNS19,إتفاقية,2018-03-13,2023-03-12,1,نهر النيل,البحيرة,RNS19,ذهب,غير سارية
66,ساوى للأنشطة المتعددة المحدودة,مخلفات,60,عقد,2023-01-30,2026-01-29,1,نهر النيل,ابوحمد,0,ذهب,غير سارية
83,سبدو للأنشطة المتعددة المحدودة,مخلفات,96,عقد,2025-04-17,2028-04-16,1,الشمالية,دلقو,0,ذهب,سارية
218,سبدو للأنشطة المتعددة المحدودة,مخلفات,96/حجر معدنيين,عقد,2025-07-30,2026-07-29,1,الشمالية,دلقو,0.0,ذهب,سارية
1652,سبل السلام للأنشطة المتعددة المحدودة,مخلفات,242,عقد,2025-11-05,2028-11-04,1,جنوب كردفان,الليري,,ذهب,سارية
1278,سبوع للتعدين,تعدين صغير,37/2019,رخصة بحث مطلق,2019-04-29,2020-04-28,1,الشمالية,الشمالية,37/2019,ذهب,غير سارية
1280,سبوع للتعدين,تعدين صغير,2020/3,عقد,2020-08-30,2025-08-29,2,الشمالية,الشمالية,2020/3,ذهب,سارية
434,سر الختم أحمد طه و أولاده العالمية للإستثمار,امتياز استكشاف,68B,إتفاقية,2014-12-08,2025-06-06,1,البحر الأحمر,جبيت,68B,ذهب,غير سارية
1288,سراميك راس الخيمة,تعدين صغير,2006/7,عقد,2006-09-17,2027-09-16,2,نهر النيل,نهر النيل,2006/7,فلسبار,سارية
1287,سراميك راس الخيمة,تعدين صغير,3853,عقد,2009-11-09,2025-11-08,1,الخرطوم,الخرطوم,3853,كاولين,غير سارية
1281,سراميك راس الخيمة,تعدين صغير,2010/11,عقد,2010-03-18,2040-03-17,1,الخرطوم,الخرطوم,2010/11,فلسبار,سارية
1282,سراميك راس الخيمة,تعدين صغير,108/2013,عقد,2013-12-11,2018-11-11,1,الخرطوم,الخرطوم,108/2013,كاولين,غير سارية
1289,سرسال للإستثمار والخدمات المحدودة,تعدين صغير,43/2021,رخصة بحث مطلق,2021-08-30,2022-08-29,1,الشمالية,دلقو,43/2021,ذهب,غير سارية
1646,سرمال للاستثمار والانشطة المتعددة المحدودة,تعدين صغير,50/2025,رخصة بحث مطلق,2025-10-23,2026-10-22,1,الشمالية,حلفا,50/2025,ذهب,سارية
1466,سريال للتجارة والتوكيلات,تعدين صغير,12/2010,عقد,2010-10-08,2040-10-09,1,النيل الازرق,باو,12/2010,كروم,ملغية
1467,سريال للتجارة والتوكيلات,تعدين صغير,13/2010,عقد,2010-10-08,2040-10-07,1,النيل الازرق,باو,13/2010,كروم,ملغية
48,سعود البرير للتعدين المحدودة,مخلفات,40,عقد,2024-11-14,2027-11-13,1,البحر الأحمر,القنب والأوليب,0,ذهب,سارية
1795,سفن استار للانشطة المتعددة المحدودة,تعدين صغير,36/2026,رخصة بحث مطلق,2026-07-28,2027-09-27,1,النيل الازرق,ود الماحى,36/2026,ذهب,غير سارية
1047,سقوم للجبص المحدودة,تعدين صغير,164,عقد,2006-09-01,2027-08-31,2,البحر الأحمر,حلايب,164,جبص,ملغية
52,سكسيد أب للتجارة العامة المحدودة,مخلفات,102,عقد,2025-01-23,2028-01-22,1,جنوب كردفان,الليري,0,ذهب,سارية
1692,سلام كنجة للأنشطة المتعددة المحدودة,مخلفات,262,عقد,2026-03-03,2029-03-02,1,جنوب كردفان,قدير,,ذهب,سارية
1290,سلطانة للتعدين,تعدين صغير,18/2020,رخصة بحث مطلق,2020-03-15,2021-03-14,1,الشمالية,حلفا,18/2020,ذهب,غير سارية
59,سلوفينا للتعدين المحدودة,مخلفات,94,عقد,2022-04-25,2025-04-24,1,نهر النيل,ابوحمد,0,ذهب,سارية
1291,سملنتود للتعدين,تعدين صغير,37/2020,رخصة بحث مطلق,2020-09-08,2021-09-07,1,الشمالية,دنقلا,37/2020,ذهب,غير سارية
1292,سنايد المحدودة,تعدين صغير,1/2017,رخصة بحث مطلق,2017-01-31,2018-01-30,1,الشمالية,دنقلا,1/2017,ذهب,غير سارية
974,سنتامين للتعدين,تعدين صغير,37/2022,رخصة بحث مطلق,2022-08-02,2023-08-01,1,شمال دارفور,السريف,37/2022,ذهب,غير سارية
139,سهل البطانة للتعدين,مخلفات,23,عقد,2024-11-22,2027-11-21,1,القضارف,البطانة,0.0,ذهب,سارية
1585,سهل البطانة للتعدين,مخلفات,23/حجر معدنيين,عقد,2025-05-20,2026-04-19,1,القضارف,البطانة,0.0,ذهب,سارية
1657,سو انفست كابيتال المحدودة,تعدين صغير,46/2025,رخصة بحث مطلق,2025-10-07,2026-10-06,1,البحر الأحمر,القنب والأوليب,46/2025,ذهب,سارية
1780,سوداقولد للاستثمار المحدودة,تعدين صغير,26/2026,رخصة بحث مطلق,2026-07-06,2027-07-05,1,نهر النيل,بربر,26/2026,فضة,سارية
35,سودا قولد للتعدين,مخلفات,190,عقد,2024-04-26,2027-04-25,1,نهر النيل,ابوحمد,0,ذهب,سارية
975,سوداقو للهندسة المحدودة,تعدين صغير,2016/3,عقد,2016-03-08,2021-03-07,2,النيل الازرق,ود الماحى,2016/3,كروم,غير سارية
1645,سوداكال العالمية المحدودة,امتياز استكشاف,RS-19G,إتفاقية,2025-07-24,2025-07-23,1,البحر الأحمر,,,ذهب,سارية
1458,سوداماب للتعدين,تعدين صغير,44/2010,عقد,2010-10-31,2040-10-30,1,البحر الأحمر,حلايب,44/2014,منجنيز,ملغية
39,سودامين المحدودة,مخلفات,223,عقد,2014-07-06,2015-07-05,1,نهر النيل,ابوحمد,0,ذهب,غير سارية
481,سودامين المحدودة,امتياز استكشاف,RNS-R7,إتفاقية,2018-04-15,2020-04-14,1,نهر النيل,ابوحمد,RNS-R7,ذهب,غير سارية
976,سوهانيت للتعدين المحدودة,تعدين صغير,1ط/2023,عقد,2023-09-03,2038-09-02,1,البحر الأحمر,جبيت المعادن,1ط/2023,ذهب,سارية
1760,سيسامور للتعدين المحدوده,تعدين صغير,19/20211,عقد,2011-01-27,2041-01-26,1,النيل الازرق,ود الماحى,19/2011,ذهب,ملغية
1462,سيسامور للتعدين المحدوده,تعدين صغير,23/2012,عقد,2012-02-07,2042-02-06,1,البحر الأحمر,سنكات,23/2012,منجنيز,ملغية
1482,سيسامور للتعدين المحدوده,تعدين صغير,17/2011,عقد,2011-01-27,2041-01-26,1,النيل الازرق,ود الماحى,17/2011,كروم,ملغية
1481,سيسامور للتعدين المحدوده,تعدين صغير,18/2011,عقد,2011-01-27,2041-01-26,1,النيل الازرق,الرصيرص,18/2011,كروم,ملغية
1483,سيسامور للتعدين المحدوده,تعدين صغير,16/2011,عقد,2011-01-27,2041-01-26,1,النيل الازرق,ود الماحى,16/2011,كروم,ملغية
1293,سيف قند للتعدين,تعدين صغير,9/2020,رخصة بحث مطلق,2020-02-17,2021-02-16,1,الشمالية,دلقو,9/2020,ذهب,غير سارية
1539,سي ويفس للحلول المتكاملة المحدودة,مخلفات,30,عقد,2024-11-28,2027-11-27,1,الشمالية,دلقو,,ذهب,سارية
1294,شادوف للإستثمار المحدودة,تعدين صغير,2/2026,رخصة بحث مطلق,2026-02-15,2027-02-14,1,البحر الأحمر,جبيت,2/2026,ذهب,سارية
1295,شادوف للإستثمار المحدودة,تعدين صغير,1/2026,رخصة بحث مطلق,2026-02-15,2026-02-14,1,البحر الأحمر,جبيت,1/2026,ذهب,غير سارية
1296,شاع الدين للحلول المتكاملة,تعدين صغير,52/2011,عقد,2011-07-21,2041-07-20,1,النيل الازرق,ود الماحى,52/2011,كروم,ملغية
1097,شتلة تكنولوجي,تعدين صغير,158,عقد,2006-01-01,2026-12-31,1,البحر الأحمر,حلايب,158,جبص,سارية
1098,شتلة تكنولوجي,تعدين صغير,159,عقد,2006-01-01,2026-12-31,1,البحر الأحمر,حلايب,159,جبص,سارية
127,شركة APG للتعدين المحدودة,مخلفات,152,عقد,2021-04-05,2024-03-05,1,البحر الأحمر,جبيت,0,ذهب,غير سارية
109,شركة أبورقية للتنمية المحدودة,مخلفات,236,عقد,2023-07-17,2026-07-16,1,القضارف,البطانة,0,ذهب,سارية
107,شركة أبورقية للتنمية المحدودة 1,مخلفات,202,عقد,2018-09-09,2021-08-09,1,البحر الأحمر,هيا,0,ذهب,ملغية
1592,شركة أبومامور للتجارة و الأنشطة المتعددة,مخلفات,17,عقد,2025-04-29,2028-04-28,1,جنوب كردفان,الليري,,ذهب,سارية
1729,شركة أبومندى للمقاولات المحدودة,مخلفات,284,عقد,2026-04-20,2029-04-19,1,جنوب كردفان,قدير,,ذهب,سارية
1804,شركة أركان الكبرى المحدودة,مخلفات,313,عقد,2026-04-26,2029-06-25,1,البحر الأحمر,جبيت,,ذهب,سارية
1116,شركة أسمنت النيل ربك,تعدين صغير,201,عقد,1965-01-01,1966-01-01,10,النيل الابيض,الجبلين,201,رخام,ملغية
1117,شركة أسمنت النيل ربك,تعدين صغير,202,عقد,1965-01-01,1966-01-01,10,النيل الابيض,الجبلين,202,رخام,ملغية
989,شركة أسمنت النيل ربك,تعدين صغير,204,عقد,1965-01-01,1966-01-01,7,النيل الابيض,الجبلين,204,رخام,ملغية
993,شركة أسمنت النيل ربك,تعدين صغير,2983-2925,عقد,2005-09-12,2006-09-12,62,النيل الابيض,الجبلين,2983-2925,رخام,غير سارية
992,شركة أسمنت النيل ربك,تعدين صغير,2924-2846,عقد,2005-09-12,2006-09-12,79,النيل الابيض,الجبلين,2924-2846,رخام,غير سارية
990,شركة أسمنت النيل ربك,تعدين صغير,1181,عقد,1983-06-01,1984-06-01,10,النيل الابيض,الجبلين,1181,رخام,ملغية
991,شركة أسمنت النيل ربك,تعدين صغير,1182,عقد,1983-06-01,1984-06-01,10,النيل الابيض,الجبلين,1182,رخام,ملغية
1385,شركة أسمنت النيل ربك,تعدين صغير,203,عقد,1965-01-01,1965-01-01,10,النيل الابيض,الجبلين,203,رخام,ملغية
1123,شركة أسمنت بربر,تعدين صغير,17/2021,عقد,2021-12-29,2026-12-28,5,نهر النيل,عطبرة,17/2021,طفلة,سارية
1120,شركة أسمنت بربر,تعدين صغير,14/2026,عقد,2025-01-12,2030-01-11,8,نهر النيل,نهر النيل,14/2026,رخام,سارية
1731,شركة أسمنت بربر,تعدين صغير,12-2026,عقد,2025-12-31,2030-12-30,1,نهر النيل,بربر,12-2026,رخام,سارية
1122,شركة أسمنت بربر,تعدين صغير,16/ 2021,عقد,2021-12-29,2026-12-28,5,نهر النيل,بربر,16/ 2021,طفلة,سارية
1396,شركة أسمنت بربر,تعدين صغير,2015/13,عقد,2015-02-26,2025-02-25,1,نهر النيل,عطبرة,2015/13,كاولين,تنازل
1389,شركة أسمنت بربر,تعدين صغير,2015/11,عقد,2015-02-26,2025-02-25,1,نهر النيل,الدامر,2015/11,حديد,غير سارية
1395,شركة أسمنت بربر,تعدين صغير,2015/12,عقد,2015-02-26,2025-02-25,1,نهر النيل,عطبرة,2015/12,كاولين,تنازل
1118,شركة أسمنت بربر,تعدين صغير,2784  -  2817,عقد,2005-06-13,2006-06-12,1,نهر النيل,بربر,2784  -  2817,رخام,غير سارية
1124,شركة أسمنت بربر,تعدين صغير,2827  - 2836,عقد,2005-12-09,2006-12-08,100,نهر النيل,بربر,2827  - 2836,طفلة,غير سارية
1121,شركة أسمنت بربر,تعدين صغير,13/2026,عقد,2025-01-12,2030-01-11,2,نهر النيل,بربر,13/2026,رخام,سارية
162,شركة أعمال الحارس للتعدين,مخلفات,125,عقد,2024-07-21,2027-07-20,1,البحر الأحمر,هيا,0,ذهب,سارية
574,شركة أعمال ديدان للتعدين,مخلفات,124,عقد,2021-06-29,2024-06-28,1,جنوب كردفان,تلودي,0,ذهب,غير سارية
150,شركة أعناب للتعدين,مخلفات,76,عقد,2025-08-22,2028-08-21,1,البحر الأحمر,القنب والأوليب,0,ذهب,سارية
566,شركة أكاكوس,مخلفات,175,عقد,2018-01-02,2020-01-02,1,البحر الأحمر,القنب والأوليب,0,ذهب,غير سارية
153,شركة  أمواج البحر الاحمر,مخلفات,74,عقد,2022-09-11,2025-08-11,1,البحر الأحمر,القنب والأوليب,0,ذهب,غير سارية
1801,شركة أواب للخدمات الأمنية المحدودة (أعمال أواب العالمية للتعدين),مخلفات,311,عقد,2026-07-21,2029-07-20,1,الشمالية,وادي حلفا,,ذهب,سارية
1450,شركة أومستو للإستثمار المحدودة,تعدين صغير,6/2013,عقد,2013-03-18,2023-03-17,2,الشمالية,مروي,6/2013,ذهب,ملغية
1710,شركة أوهاف للتعدين المحدودة,امتياز منتجة,حجر معدنيين 272,عقد,2026-01-08,2027-01-07,1,البحر الأحمر,جبيت,,ذهب,سارية
1728,شركة إرجوان الذهبى لتعدين الذهب و الأنشطة المتعددة المحدودة,مخلفات,283,عقد,2026-04-23,2029-04-22,1,جنوب كردفان,الليري,,ذهب,سارية
1763,شركة إس أي إيه للإستثمار المحدودة,مخلفات,292 حجر معدنببن,عقد,2026-05-03,2027-05-02,1,البحر الأحمر,القنب والأوليب,,ذهب,سارية
177,شركة إعمارللنظم المتطورة المحدودة,مخلفات,105,عقد,2021-12-07,2024-12-06,1,شمال دارفور,ام قوزين,0,ذهب,غير سارية
585,شركة ابرسى الهندسية,مخلفات,225,عقد,2018-08-07,2020-08-06,1,جنوب كردفان,الليري,0,ذهب,غير سارية
1706,شركة ابورقية للتنمية المحدودة,مخلفات,حجر معدنيين 268,عقد,2026-03-03,2029-03-08,1,نهر النيل,ابوحمد,,ذهب,سارية
1297,شركة ابوسفيان  للتعدين,تعدين صغير,55/2022,رخصة بحث مطلق,2022-12-12,2023-12-11,1,القضارف,البطانة,55/2022,ذهب,غير سارية
155,شركة ابو ضراع للتجارة و الخدمات المحدودة,مخلفات,66,عقد,2025-06-12,2029-06-11,1,القضارف,البطانة,0,ذهب,سارية
130,شركة اتش اند ام باور للهندسة والإنشاءات والتجارة المحدودة,مخلفات,153,عقد,2024-07-07,2027-06-07,1,البحر الأحمر,القنب والأوليب,0,ذهب,سارية
1564,شركة اتش اند ام باور للهندسة والإنشاءات والتجارة المحدودة,مخلفات,153/حجر معدنيين,عقد,2026-02-17,2027-02-16,1,البحر الأحمر,القنب والأوليب,,ذهب,سارية
1300,شركة احيمر للتعدين,تعدين صغير,52/2021,رخصة بحث مطلق,2021-10-10,2022-10-09,1,شمال كردفان,سودري,52/2021,ذهب,غير سارية
1299,شركة احيمر للتعدين,تعدين صغير,53/2021,رخصة بحث مطلق,2021-10-10,2022-10-09,1,شمال دارفور,المالحة,53/2021,منجنيز,غير سارية
568,شركة احيمر للتعدين المحدودة,مخلفات,69,عقد,2022-11-03,2025-11-02,1,شمال كردفان,جبرة الشيخ,0,ذهب,غير سارية
1301,شركة اس إي اس للتعدين والاستشارات الجيولوجية,تعدين صغير,2009/1,عقد,2009-02-25,2039-02-24,1,البحر الأحمر,سنكات,2009/1,منجنيز,سارية
161,شركة اسكاى موتور للتجارة والاستثمار المحدودة,مخلفات,51,عقد,2024-02-29,2027-02-28,1,البحر الأحمر,درديب,0,ذهب,سارية
1563,شركة اسكاى موتور للتجارة والاستثمار المحدودة,مخلفات,51/حجر معدنيين,عقد,2025-03-10,2026-03-09,1,البحر الأحمر,درديب,0.0,ذهب,سارية
182,شركة اعمال هوب للتعدين,مخلفات,98,عقد,2022-04-04,2025-04-03,1,جنوب دارفور,الردوم,0,ذهب,غير سارية
152,شركة اكولايزر للانشطة المتعددة المحدودة,مخلفات,70,عقد,2022-10-31,2025-10-30,1,البحر الأحمر,جبيت,0,ذهب,غير سارية
1776,شركة الأمان للتعدين و الأنشطة المتعددة  المحدودة,مخلفات,297,عقد,2026-06-10,2029-06-09,1,جنوب كردفان,الليري,,ذهب,سارية
1735,شركة الأمجاد للتعدين المحدودة,مخلفات,286,عقد,2026-05-10,2029-05-09,1,الشمالية,دلقو,,ذهب,سارية
1099,شركة الامن الغذائي المحدودة,تعدين صغير,71,عقد,2003-12-03,2024-12-02,4,البحر الأحمر,سواكن,71,ملح,غير سارية
116,شركة البراح المحدودة,مخلفات,192,عقد,2019-04-16,2022-04-15,1,البحر الأحمر,جبيت,0,ذهب,غير سارية
1535,شركة التمر للانشطة المتعددة المحدودة,مخلفات,103/حجر معدنيين,عقد,2024-12-18,2025-12-17,1,البحر الأحمر,جبيت المعادن,,ذهب,سارية
148,شركة التمر للانشطة المتعددة المحدودة,مخلفات,103,عقد,2022-01-03,2025-02-28,1,البحر الأحمر,جبيت,0,ذهب,سارية
587,شركة التواصل للتجارة والاستثمار المحدودة,مخلفات,182,عقد,2017-08-16,2019-08-15,1,جنوب كردفان,قدير,0,ذهب,غير سارية
565,شركة التواصل للتجارة والاستثمار المحدودة,مخلفات,176,عقد,2018-01-02,2021-01-02,1,البحر الأحمر,القنب والأوليب,0,ذهب,غير سارية
1499,شركة الجسر الذهبى للتعدين,تعدين صغير,73/2011,عقد,2011-09-08,2041-09-07,1,النيل الازرق,باو,73/2011,ذهب,تنازل
1501,شركة الجسر الذهبى للتعدين,تعدين صغير,39/2011,عقد,2011-02-01,2041-01-31,1,النيل الازرق,باو,39/2011,كروم,ملغية
1000,شركة الجسر الذهبى للتعدين,تعدين صغير,37/2011,عقد,2011-04-13,2041-04-12,1,النيل الازرق,ود الماحى,37/2011,كروم,سارية
1502,شركة الجسر الذهبى للتعدين,تعدين صغير,38/2011,عقد,2011-02-01,2041-01-31,1,النيل الازرق,باو,25/2011,كروم,تنازل
1500,شركة الجسر الذهبى للتعدين,تعدين صغير,40/2011,عقد,2011-02-01,2041-01-31,1,النيل الازرق,باو,40/2011,كروم,ملغية
1302,شركة الجسر الذهبى للتعدين,تعدين صغير,20/2009,عقد,2009-12-15,2039-12-14,1,النيل الازرق,ود الماحى,20/2009,كروم,غير سارية
1503,شركة الجسر الذهبى للتعدين,تعدين صغير,25/2011,عقد,2011-02-01,2041-01-31,1,النيل الازرق,باو,25/2011,كروم,تنازل
1303,شركة الدردار للتجارة والمقاولات المحدودة,تعدين صغير,25/2026,رخصة بحث مطلق,2026-07-05,2027-07-04,1,كسلا,ستيت,25/2026,ذهب,سارية
1001,شركة الربيلي للتعدين المحدودة,تعدين صغير,2019/3,عقد,2019-07-04,2024-07-03,1,النيل الازرق,باو,2019/3,كروم,غير سارية
1101,شركة السلام لإنتاج الأسمنت المحدودة,تعدين صغير,2010/21,عقد,2010-03-18,2025-03-17,38,نهر النيل,بربر,2010/21,رخام,غير سارية
1107,شركة السلام لإنتاج الأسمنت المحدودة,تعدين صغير,2538,عقد,2007-11-05,2025-11-04,1,نهر النيل,بربر,2538,رخام,غير سارية
1110,شركة السلام لإنتاج الأسمنت المحدودة,تعدين صغير,3469-3489,عقد,2006-09-17,2025-09-16,22,نهر النيل,بربر,3469-3489,رخام,غير سارية
1108,شركة السلام لإنتاج الأسمنت المحدودة,تعدين صغير,2537,عقد,2007-11-05,2025-11-04,1,نهر النيل,بربر,2537,رخام,غير سارية
1109,شركة السلام لإنتاج الأسمنت المحدودة,تعدين صغير,2536,عقد,2007-11-05,2025-11-04,1,نهر النيل,بربر,2536,رخام,غير سارية
1103,شركة السلام لإنتاج الأسمنت المحدودة,تعدين صغير,3032-3042,عقد,2005-09-12,2025-09-11,11,نهر النيل,بربر,3032-3042,رخام,غير سارية
1104,شركة السلام لإنتاج الأسمنت المحدودة,تعدين صغير,3096-3103,عقد,2006-03-21,2025-03-20,8,نهر النيل,نهر النيل,3096-3103,رخام,غير سارية
1106,شركة السلام لإنتاج الأسمنت المحدودة,تعدين صغير,2539,عقد,2007-11-05,2025-11-04,1,نهر النيل,بربر,2539,رخام,غير سارية
1102,شركة السلام لإنتاج الأسمنت المحدودة,تعدين صغير,2010/22,عقد,2010-03-18,2025-03-17,3,نهر النيل,بربر,2010/22,رخام,غير سارية
1105,شركة السلام لإنتاج الأسمنت المحدودة,تعدين صغير,2540,عقد,2007-11-05,2025-11-04,1,نهر النيل,بربر,2540,رخام,غير سارية
1111,شركة السلام لإنتاج الأسمنت المحدودة,تعدين صغير,3462-3468,عقد,2006-09-17,2025-09-16,7,نهر النيل,بربر,3462-3468,رخام,غير سارية
1100,شركة السلام لإنتاج الأسمنت المحدودة,تعدين صغير,2010/20,عقد,2010-03-18,2025-03-17,1,نهر النيل,بربر,2010/20,رخام,غير سارية
113,شركة السندي,مخلفات,233,عقد,2021-05-30,2024-05-29,1,البحر الأحمر,هيا,0,ذهب,غير سارية
222,شركة السندي,مخلفات,233/حجر معدنيين,عقد,2021-05-30,2024-05-29,1,البحر الأحمر,هيا,0,ذهب,غير سارية
163,شركة السيداب للتعدين,مخلفات,47,عقد,2024-05-21,2027-05-20,1,البحر الأحمر,القنب والأوليب,0,ذهب,سارية
1112,شركة الشمال لانتاج الاسمنت,تعدين صغير,2013/3,عقد,2013-03-17,2023-03-16,33,نهر النيل,بربر,2013/3,رخام,غير سارية
1113,شركة الشمال لانتاج الاسمنت,تعدين صغير,2013/4,عقد,2013-03-17,2023-03-16,10,نهر النيل,بربر,2013/4,رخام,غير سارية
980,شركة الشمال لانتاج الاسمنت,تعدين صغير,3427-3449,عقد,2006-06-17,2025-06-16,24,نهر النيل,بربر,3427-3449,رخام,غير سارية
981,شركة الشمال لانتاج الاسمنت,تعدين صغير,3450-3461,عقد,2006-06-17,2025-06-16,11,نهر النيل,بربر,3450-3461,رخام,غير سارية
1182,شركة الشمال لانتاج الاسمنت,تعدين صغير,23/2019,رخصة بحث مطلق,2019-03-24,2020-03-23,1,نهر النيل,نهر النيل,23/2019,الرخام,غير سارية
159,شركة العمدة تقيل للتعدين,مخلفات,38,عقد,2024-12-02,2026-11-02,1,النيل الازرق,ود الماحى,0,ذهب,ملغية
1638,شركة الغابات للتعدين المحدودة,تعدين صغير,42/2025,رخصة بحث مطلق,2025-09-10,2026-09-09,1,جنوب كردفان,التضامن,42/2025,نحاس,سارية
1685,شركة الفا كوست للتعدين المحدودة,مخلفات,256,عقد,2026-01-02,2029-01-01,1,جنوب كردفان,الليري,,ذهب,سارية
1774,شركة الكدر كول للإستثمار المحدودة,مخلفات,295,عقد,2026-05-04,2029-05-03,1,نهر النيل,بربر,,ذهب,سارية
1708,شركة الكنسوسى للبترول المحدودة,مخلفات,270,عقد,2026-03-30,2029-03-29,1,جنوب كردفان,الليري,,ذهب,سارية
1687,شركة المتعاهدون للتجارة واللإستثمار,مخلفات,258,عقد,2026-01-22,2029-01-21,1,جنوب كردفان,الليري,,ذهب,سارية
1690,شركة المجتبى للأنشطة المتعددة المحدودة,مخلفات,261,عقد,2026-01-26,2029-01-25,1,البحر الأحمر,درديب,,ذهب,سارية
1725,شركة المجموعة الدولية للتجارة والاستثمار المحدودة,مخلفات,280,عقد,2026-03-12,2027-03-11,1,كسلا,نهر عطبرة,,ذهب,سارية
170,شركة المسار العالمية للخدمات والتعدين المحدودة,مخلفات,79,عقد,2025-02-07,2028-02-06,1,جنوب كردفان,قدير,0,ذهب,سارية
1798,شركة المسار العالمية للخدمات والتعدين المحدودة (الترتر),مخلفات,308,عقد,2025-07-17,2028-07-16,1,جنوب كردفان,التضامن,,ذهب,سارية
996,شركة المستدامة للخدمات والتجارة المحدودة,تعدين صغير,3ط\2023,عقد,2023-10-16,2028-10-15,1,النيل الازرق,الرصيرص,3ط\2023,كروم,سارية
1451,شركة المشكاة للتعدين والخدمات المحدودة,تعدين صغير,22/2015,عقد,2015-07-21,2025-07-20,2,الشمالية,دنقلا,22/2015,ذهب,ملغية
1689,شركة المعليابى للأنشطة المتعددة المحدودة,مخلفات,260,عقد,2026-01-05,2029-01-04,1,البحر الأحمر,جبيت المعادن,,ذهب,سارية
1619,شركة النجم الساطع للتعدين المحدودة,مخلفات,8/خام معالج مسبقاً,عقد,2025-05-26,2026-05-25,1,البحر الأحمر,هيا,,ذهب,سارية
132,شركة النجم الساطع للتعدين المحدودة,مخلفات,12,عقد,2024-06-06,2027-06-05,1,البحر الأحمر,هيا,0,ذهب,سارية
224,شركة النجم الساطع للتعدين المحدودة,مخلفات,8/حجر معدنيين,عقد,2021-06-06,2024-05-06,1,البحر الأحمر,هيا,0,ذهب,غير سارية
1805,شركة اليقانس للأنشطة المتعددة المحدودة,مخلفات,314,عقد,2026-06-17,2029-06-16,1,الشمالية,دلقو,,ذهب,سارية
114,شركة اليمنتس للتعدين,مخلفات,193,عقد,2019-04-02,2021-03-02,1,النيل الازرق,ود الماحى,0,ذهب,ملغية
140,شركة ام ايه جي للتعدين,مخلفات,111,عقد,2021-11-11,2024-10-11,1,البحر الأحمر,القنب والأوليب,0,ذهب,سارية
1115,شركة املاح البحر الاحمر,تعدين صغير,62,عقد,2003-12-01,2024-11-30,1,البحر الأحمر,سواكن,62,ملح,غير سارية
1114,شركة املاح البحر الاحمر,تعدين صغير,38,عقد,1998-02-01,2019-01-31,2,البحر الأحمر,سواكن,38,ملح,غير سارية
1505,شركة انستروكيم للصناعة والتعدين المحدودة,تعدين صغير,6/2007,عقد,2007-12-23,2028-12-22,3,شمال كردفان,الرهد,6/2007,فلورايت,ملغية
1759,شركة انستروكيم للصناعة والتعدين المحدودة,تعدين صغير,7/2006,عقد,2007-12-23,2028-12-23,1,شمال كردفان,الرهد,7/2006,ذهب,ملغية
1786,شركة اوربت للمعادن المحدودة,مخلفات,303,عقد,2026-06-14,2029-06-13,1,جنوب كردفان,الليري,,ذهب,سارية
1442,شركة اولاد امين النصري للتعدين,تعدين صغير,2012/20,عقد,2012-02-07,2042-02-06,1,نهر النيل,ابوحمد,2012/20,مايكا,ملغية
157,شركة ايات لخدمات حقول البترول المحدودة,مخلفات,54,عقد,2024-01-30,2026-01-29,1,النيل الازرق,قيسان,0,ذهب,غير سارية
1775,شركة باجعفر المحدودة,مخلفات,296,عقد,2026-05-16,2029-05-15,1,نهر النيل,بربر,,ذهب,سارية
144,شركة بانة لمعالجة مخلفات التعدين التقليدي,مخلفات,89,عقد,2022-06-02,2025-05-02,1,البحر الأحمر,عقيق,0,ذهب,سارية
1723,شركة بان سودان ريسورسز للتعدين المجدودة,امتياز منتجة,(حجر معدنببن )278,,2026-04-19,2027-04-18,1,نهر النيل,الدامر,,ذهب,سارية
178,شركة بانقا للتعدين,مخلفات,100,عقد,2022-01-27,2025-01-26,1,شمال دارفور,المالحة,0,ذهب,غير سارية
103,شركة بترونيدز للخدمات العالمية المحدودة,مخلفات,208,عقد,2020-08-02,2023-07-02,1,القضارف,قلع النحل,0,ذهب,غير سارية
1304,شركة بتلكو للتعدين,تعدين صغير,6/2022,عقد,2022-04-11,2027-04-10,2,الشمالية,دلقو,6/2022,ذهب,سارية
183,شركة بحر العرب للتعدين,مخلفات,67,عقد,2022-11-29,2025-11-28,1,جنوب دارفور,الردوم,0,ذهب,غير سارية
1444,شركة بحرى للسراميك والادوات الصحية,تعدين صغير,1/2006,عقد,2006-03-21,2027-03-20,1,نهر النيل,بربر,1/2006,فلسبار,ملغية
147,شركة  برايت استون العالمية,مخلفات,84,عقد,2022-07-04,2025-06-04,1,البحر الأحمر,جبيت,0,ذهب,سارية
1779,شركة بركات بلادى للأنشطة المتعددة المحدودة,مخلفات,300,عقد,2026-07-01,2029-06-30,1,الشمالية,وادي حلفا,,ذهب,سارية
112,شركة بلوتو للانشطة المتعددة,مخلفات,207,عقد,2017-08-17,2019-08-16,1,النيل الازرق,ود الماحى,0,ذهب,ملغية
1526,شركة بيرث للانتاج المعادن المحدودة,مخلفات,44,عقد,2024-08-22,2027-08-21,1,القضارف,قلع النحل,0,ذهب,سارية
1790,شركة بيسان المتحدة المحدودة,مخلفات,307,عقد,2026-07-03,2029-07-02,1,جنوب كردفان,قدير,,ذهب,سارية
167,شركة تانسي للتعدين المحدودة,مخلفات,117,عقد,2024-08-26,2029-08-25,1,جنوب كردفان,التضامن,0,ذهب,سارية
180,شركة ترست للأعمال المتقدمة المحدودة,مخلفات,133,عقد,2021-06-06,2024-06-05,1,جنوب دارفور,برام,0,ذهب,غير سارية
120,شركة تنامي للتعدين,مخلفات,170,عقد,2024-04-24,2027-04-23,1,النيل الازرق,باو,0,ذهب,سارية
1661,شركة تنامي للتعدين,مخلفات,170/حجر معدنين,عقد,2025-03-10,2026-03-09,1,النيل الازرق,باو,,ذهب,سارية
174,شركة تنقلي المتحدة المحدودة,مخلفات,93,عقد,2022-05-12,2025-05-11,1,جنوب كردفان,الليري,0,ذهب,غير سارية
1650,شركة جوادي للأنشطة المتعددة المحدودة,مخلفات,241,عقد,2025-10-29,2028-10-28,1,جنوب كردفان,الليري,,ذهب,سارية
1785,شركة جى ايه اس المحدودة,مخلفات,302,عقد,2026-07-01,2029-06-30,1,جنوب كردفان,قدير,,ذهب,سارية
1514,شركة حَسا للانشطة المتعددة المحدودة,مخلفات,65,عقد,2022-12-22,2025-12-21,1,شمال دارفور,مليط,0,ذهب,غير سارية
1004,شركة حصى للانشاءات والتعدين(كروم),تعدين صغير,93/2010,عقد,2011-11-01,2041-10-31,1,النيل الازرق,باو,93/2010,كروم,سارية
1002,شركة حصى للانشاءات والتعدين(كروم),تعدين صغير,90/2010,عقد,2011-11-01,2041-10-31,1,النيل الازرق,باو,90/2010,كروم,سارية
1003,شركة حصى للانشاءات والتعدين(كروم),تعدين صغير,91/2010,عقد,2011-11-01,2041-10-31,1,النيل الازرق,باو,91/2010,كروم,سارية
1271,شركة دانفوديو لخدمات البترول,تعدين صغير,25/2008,عقد,2008-10-09,2038-10-08,1,النيل الازرق,ود الماحى,25/2008,كروم,ملغية
1269,شركة دانفوديو لخدمات البترول,تعدين صغير,23/2008,عقد,2008-10-09,2038-10-08,1,النيل الازرق,ود الماحى,23/2008,كروم,ملغية
1272,شركة دانفوديو لخدمات البترول,تعدين صغير,26/2008,عقد,2008-10-09,2038-10-08,1,النيل الازرق,ود الماحى,26/2008,كروم,ملغية
1270,شركة دانفوديو لخدمات البترول,تعدين صغير,24/2008,عقد,2008-10-09,2038-10-08,1,النيل الازرق,ود الماحى,24/2008,كروم,ملغية
142,شركة دلو للتجارة و المقاولات المحدودة,مخلفات,106,عقد,2021-11-25,2024-10-24,1,البحر الأحمر,جبيت,0,ذهب,سارية
588,شركة دوانا,مخلفات,186,عقد,2017-05-18,2019-05-17,1,جنوب كردفان,قدير,0,ذهب,غير سارية
1005,شركة رانيا للأنشطة المتعددة المحدودة,تعدين صغير,10/2021,عقد,2021-11-16,2026-11-15,1,البحر الأحمر,هيا,10/2021,ذهب,سارية
1797,شركة رانيا للأنشطة المتعددة المحدودة,تعدين صغير,بدون,عقد,2026-04-26,2027-04-25,1,البحر الأحمر,هيا,بدون,ذهب,سارية
1700,شركة رحلتي للاستيراد والتصدير والخدمات,مخلفات,265,عقد,2026-03-01,2029-02-28,1,جنوب كردفان,الليري,,ذهب,سارية
1621,شركة رواء  لمخلفات التعدين التقليدى,مخلفات,2/خام معالج مسبقاً,عقد,2025-07-01,2026-06-30,1,القضارف,البطانة,,ذهب,سارية
102,شركة رواء  لمخلفات التعدين التقليدى,مخلفات,235,عقد,2024-01-18,2027-01-17,1,القضارف,البطانة,0,ذهب,سارية
1305,شركة رومينق للانشطة المتعددة,تعدين صغير,31/2021,رخصة بحث مطلق,2021-07-15,2022-07-14,1,جنوب دارفور,الردوم,31/2021,ذهب,غير سارية
1048,شركة رومينق للانشطة المتعددة,تعدين صغير,3/2022,رخصة بحث مطلق,2022-02-20,2023-02-19,1,جنوب دارفور,الردوم,3/2022,ذهب,غير سارية
1050,شركة رومينق للانشطة المتعددة,تعدين صغير,29/2022,رخصة بحث مطلق,2022-06-21,2023-06-20,1,جنوب دارفور,الردوم,29/2022,ذهب,غير سارية
1049,شركة رومينق للانشطة المتعددة,تعدين صغير,30/2022,رخصة بحث مطلق,2022-06-21,2023-06-20,1,جنوب دارفور,الردوم,30/2022,ذهب,غير سارية
73,شركة رويال للأعمال المتقدمة النحدودة,مخلفات,214,عقد,2025-10-16,2028-10-15,1,الشمالية,وادي حلفا,0,ذهب,سارية
111,شركة رياض للتعدين المحدودة,مخلفات,6,عقد,2025-06-25,2028-06-24,1,كسلا,نهر عطبرة,0,ذهب,سارية
1620,شركة رياض للتعدين المحدودة,مخلفات,5/خام معالج مسبقاً,عقد,2025-06-25,2026-06-24,1,كسلا,نهر عطبرة,,ذهب,سارية
1574,شركة ريناس للذهب والمجوهرات المحدودة,تعدين صغير,23/2026,رخصة بحث مطلق,2026-07-02,2027-06-01,1,البحر الأحمر,درديب,23/2026,ذهب,سارية
1772,شركة ريو تنتو المحدودة,مخلفات,293,عقد,2026-05-10,2029-05-09,1,البحر الأحمر,القنب والأوليب,,ذهب,سارية
1718,شركة زهرة افريقيا للأنشطة المتعددة المحدودة,مخلفات,275,عقد,2026-03-08,2029-03-07,1,جنوب كردفان,الليري,,ذهب,سارية
1441,شركة زهرة الشريق المحدودة,تعدين صغير,13/2009,عقد,2009-07-02,2014-07-01,1,نهر النيل,ابوحمد,13/2009,ذهب,ملغية
208,شركة ساندستون للتنمية و الإستثمار المحدودة (أعمال أم عروض لمعالجة مخلفات التعدين التقليدى),مخلفات,204/حجر معدنيين,عقد,2026-03-03,2027-03-02,1,نهر النيل,بربر,0,ذهب,سارية
15,شركة ساندستون للتنمية و الإستثمار المحدودة (أعمال أم عروض لمعالجة مخلفات التعدين التقليدى),مخلفات,204,عقد,2025-03-29,2027-03-28,1,نهر النيل,بربر,0,ذهب,سارية
1799,شركة ساندستون للتنمية و الإستثمار المحدودة (أعمال أم عروض لمعالجة مخلفات التعدين التقليدى),مخلفات,معالجة مسبقا309,عقد,2026-07-15,2027-07-14,1,نهر النيل,بربر,,ذهب,سارية
1739,شركة سبائك المستقبل للأنشطة المتعددة المحدودة,مخلفات,287,عقد,2026-04-26,2029-04-25,1,جنوب كردفان,الليري,,ذهب,سارية
169,شركة سبروزا للاعمال المتقدمة المحدودة,مخلفات,20,عقد,2024-12-06,2027-12-05,1,النيل الازرق,ود الماحى,0.0,ذهب,سارية
1306,شركة سواحل افريقيا للانشطة المتعددة المحدودة,تعدين صغير,5/2023,رخصة بحث مطلق,2023-02-14,2024-02-13,1,شمال دارفور,كاس,56/2021,ذهب,غير سارية
1307,شركة سواحل افريقيا للانشطة المتعددة المحدودة,تعدين صغير,4/2023,رخصة بحث مطلق,2023-02-14,2024-02-13,1,شمال دارفور,كاس,57/2021,ذهب,غير سارية
166,شركة سودامين المحدودة,مخلفات,131,عقد,2021-06-08,2024-06-07,1,جنوب كردفان,الليري,0,ذهب,غير سارية
1591,شركة سي أن أس للأنشطة المتعددة,مخلفات,16,عقد,2025-04-29,2028-04-28,1,جنوب كردفان,الليري,,ذهب,سارية
1787,شركة سيدا العالمية للأنشطة المتعددة المحدودة,مخلفات,304,عقد,2026-07-12,2029-07-11,1,الشمالية,دلقو,,ذهب,سارية
1308,شركة سيدون للتعدين,تعدين صغير,4ط/2024,عقد,2024-08-07,2029-08-06,1,نهر النيل,الدامر,4ط/2024,ذهب,سارية
1637,شركة سيدون للتعدين,تعدين صغير,2025/11,عقد,2025-05-27,2030-05-26,1,نهر النيل,الدامر,2025/11,ذهب,سارية
1506,شركة سيدون للتعدين,تعدين صغير,6/2024,رخصة بحث مطلق,2024-02-28,2025-02-27,1,الشمالية,البرقيق,6/2024,ذهب,سارية
1742,شركة سيكال للتجارة و الإستثمار المحدودة,مخلفات,289,عقد,2025-12-22,2028-12-21,1,جنوب كردفان,قدير,,ذهب,سارية
1789,شركة سيكال للتجارة و الإستثمار المحدودة ( دورديب ),مخلفات,306,عقد,2025-12-22,2028-12-21,1,البحر الأحمر,درديب,,ذهب,سارية
1707,شركة شاهين للحلول المتكاملة المحدودة,مخلفات,269,عقد,2026-03-29,2029-03-28,1,جنوب كردفان,الليري,,ذهب,سارية
176,شركة شتكو للتجارة و التنمية المحدودة,مخلفات,118,عقد,2021-08-22,2024-08-21,1,شمال دارفور,ام كدادة,0,ذهب,غير سارية
1743,شركة شركة نعشيك العالمية للأنشطة المتعددة المحدودة,مخلفات,290,عقد,2026-05-16,2029-05-15,1,جنوب كردفان,الليري,,ذهب,سارية
1507,شركة شريان الشمال للطرق والسدود المحدودة,مخلفات,42,عقد,2024-08-28,2027-08-27,1,القضارف,البطانة,,ذهب,سارية
141,شركة شنكو العالمية المحدودة,مخلفات,19,عقد,2024-11-01,2027-11-01,1,جنوب كردفان,قدير,0.0,ذهب,سارية
200,شركة صحاري البركة للتعدين المحدودة,امتياز منتجة,(2012)/12-19,,2012-02-08,2033-02-08,4,نهر النيل,بربر,25,ذهب,تنازل
1606,شركة صحاري القابضة للتجارة و التعدين و الخدمات العامة المحدودة,مخلفات,11,عقد,2025-05-15,2028-05-14,1,جنوب كردفان,الليري,,ذهب,سارية
1525,شركة عبقرينو الهندسية,مخلفات,37/خام معالج مسبقاً,عقد,2025-12-08,2026-12-07,1,البحر الأحمر,هيا,0.0,ذهب,سارية
1565,شركة عبقرينو الهندسية,مخلفات,37/حجر معدنيين,عقد,2025-02-17,2026-02-16,1,البحر الأحمر,هيا,0.0,ذهب,غير سارية
108,شركة عبقرينو الهندسية,مخلفات,63,عقد,2026-01-02,2029-01-01,1,البحر الأحمر,هيا,0.0,ذهب,سارية
133,شركة عكاشة للتعدين المحدودة,مخلفات,123,عقد,2026-04-23,2029-04-22,1,البحر الأحمر,القنب والأوليب,0,ذهب,سارية
1807,شركة عمر بجا للتعدين المحدودة,مخلفات,316,عقد,2026-07-29,2029-07-28,1,البحر الأحمر,هيا,,ذهب,سارية
1778,شركة عنتبى للأنشطة المتعددة المحدودة,مخلفات,299,عقد,2026-05-24,2029-05-23,1,النيل الازرق,ود الماحى,,ذهب,سارية
172,شركة فاتور للاستثمار المحدودة,مخلفات,92,عقد,2022-05-16,2025-05-15,1,جنوب كردفان,الليري,0,ذهب,غير سارية
1449,شركة فارق للإستثمار المحدودة,تعدين صغير,16/2010,عقد,2010-03-18,2011-03-17,1,نهر النيل,الدامر,16/2010,كوارتز,ملغية
1522,شركة فو للتعدين,تعدين صغير,34/2011,عقد,2011-04-18,2041-04-17,2,البحر الأحمر,حلايب,34/2011,حديد,ملغية
1460,شركة فو للتعدين,تعدين صغير,45/2011,عقد,2011-05-21,2041-05-20,4,البحر الأحمر,حلايب,45/2011,حديد,ملغية
1754,شركة فو للتعدين,تعدين صغير,74/2010,عقد,2010-12-27,2040-12-26,1,نهر النيل,بربر,74/2010,ذهب,ملغية
1753,شركة فو للتعدين,تعدين صغير,26/2018,عقد,2018-09-06,2023-09-05,1,الشمالية,وادي حلفا,26/2018,ذهب,ملغية
146,شركة فيرست موتورز للخدمات التجارية,مخلفات,99,عقد,2022-02-15,2025-02-14,1,البحر الأحمر,القنب والأوليب,0,ذهب,سارية
1752,شركة قناطبر للمشاريع المتطورة المحدودة,مخلفات,291,عقد,2026-05-06,2029-05-05,1,الشمالية,وادي حلفا,,ذهب,سارية
129,شركة قولدن إيرث للتعدين و الإستثمار,مخلفات,143,عقد,2024-05-23,2027-05-22,1,البحر الأحمر,هيا,0,ذهب,غير سارية
1704,شركة قولدين ايرث للتعدين والاستثمار المحدودة( حجر معدنيين ),مخلفات,267,عقد,2026-01-08,2027-01-07,1,البحر الأحمر,هيا,,ذهب,سارية
1730,شركة قولدين تاور المتحدة المحدودة,مخلفات,285,عقد,2026-05-10,2029-05-09,1,جنوب كردفان,قدير,,ذهب,سارية
1561,شركة كاسكو للطاقة المتجددة المحدودة,مخلفات,81/حجر معدنيين,عقد,2026-02-10,2027-02-09,1,البحر الأحمر,جبيت المعادن,,ذهب,سارية
149,شركة كاسكو للطاقة المتجددة المحدودة,مخلفات,81,عقد,2025-07-31,2028-07-30,1,البحر الأحمر,القنب والأوليب,0,ذهب,سارية
1726,شركة كايزر للحلول المتكاملة المحدودة,مخلفات,281,عقد,2026-04-19,2029-04-18,1,جنوب كردفان,الليري,,ذهب,سارية
1311,شركة كريمسون لايتس للتعدين,تعدين صغير,50/2021,رخصة بحث مطلق,2021-09-27,2022-09-26,1,شمال دارفور,كتم,50/2021,ذهب,غير سارية
151,شركة كفاءة للتعدين,مخلفات,73,عقد,2022-09-29,2025-09-28,1,البحر الأحمر,هيا,0,ذهب,غير سارية
171,شركة كنسودا للتعدين,مخلفات,80,عقد,2022-02-08,2027-02-08,1,جنوب كردفان,قدير,0,ذهب,سارية
1688,شركة كونسوليتد بارتينرزالعالمية المحدودة,مخلفات,259,عقد,2025-12-22,2028-12-23,1,جنوب كردفان,قدير,,ذهب,سارية
573,شركة كونكورب بتروليم المحدودة,مخلفات,148,عقد,2021-04-26,2027-04-25,1,جنوب كردفان,التضامن,0,ذهب,سارية
1030,شركة كيان للتلك المحدودة,تعدين صغير,2022/7,عقد,2022-04-14,2027-04-13,1,البحر الأحمر,حلايب,2022/7,تلك,سارية
1612,شركة كيان للتلك المحدودة,تعدين صغير,8ط/2024,عقد,2024-12-31,2029-12-30,1,البحر الأحمر,حلايب,8ط/2024,تلك,سارية
1511,شركة كيان للتلك المحدودة,تعدين صغير,9ط/2024,عقد,2024-10-31,2029-10-30,1,البحر الأحمر,حلايب,9ط/2024,تلك,سارية
586,شركة كير للمحاجر والتعدين المحدودة,مخلفات,219,عقد,2018-04-29,2020-04-28,1,جنوب كردفان,الليري,0,ذهب,غير سارية
1312,شركة كيل للتعدين,تعدين صغير,30/2012,عقد,2012-07-19,2022-07-18,8,جنوب كردفان,ابوجبيهة,30/2012,نحاس,غير سارية
173,شركة لام للاستثمار المحدودة,مخلفات,91,عقد,2022-05-18,2025-05-17,1,جنوب كردفان,كادقلي,0,ذهب,غير سارية
100,شركة لانوس العالمية للمشاريع المتطورة المحدودة,مخلفات,177,عقد,2023-09-09,2026-09-08,1,البحر الأحمر,القنب والأوليب,0,ذهب,سارية
1527,شركة لانوس العالمية للمشاريع المتطورة المحدودة,مخلفات,177/حجر معدنيين,عقد,2024-12-11,2025-12-10,1,البحر الأحمر,القنب والأوليب,,ذهب,سارية
591,شركة لحا للتعدين,مخلفات,218,عقد,2015-09-17,2017-09-16,1,جنوب كردفان,التضامن,0,ذهب,غير سارية
1777,شركة لدن جولد للتعدين المحدودة,مخلفات,298,عقد,2026-06-18,2029-06-17,1,جنوب كردفان,الليري,,ذهب,سارية
145,شركة لوك اوت للانشطة المتعددة المحدودة ( اعمال النترة للتعدين ),مخلفات,107,عقد,2021-11-20,2024-11-20,1,البحر الأحمر,القنب والأوليب,0,ذهب,سارية
1717,شركة لويالتى للأنشطة المتعددة المحدودة,مخلفات,274,عقد,2026-02-19,2029-02-18,1,الشمالية,حلفا,,ذهب,سارية
570,شركة ليجند تورنادو للحلول المتكاملىة,مخلفات,145,عقد,2021-05-04,2024-05-03,1,غرب كردفان,السنط,0,ذهب,غير سارية
1699,شركة م.أ.ت للتعدين والخدمات المحدودة,مخلفات,264,عقد,2026-03-09,2029-03-08,1,جنوب كردفان,الليري,,ذهب,سارية
1334,شركة مارين سولت المحدودة,تعدين صغير,59,عقد,2008-10-14,2029-10-14,2,البحر الأحمر,القنب والأوليب,59,ملح,سارية
1593,شركة مامور كومرا للأنشطة المتعددة,مخلفات,15,عقد,2025-04-29,2028-04-28,1,جنوب كردفان,الليري,,ذهب,سارية
1006,شركة مانى للاعمال المتقدمة,تعدين صغير,9\2007,عقد,2007-10-22,2028-10-21,2,النيل الازرق,باو,9\2007,كروم,سارية
1007,شركة مانى للاعمال المتقدمة,تعدين صغير,11\2008,عقد,2008-03-01,2029-02-28,2,النيل الازرق,باو,11\2008,كروم,سارية
143,شركة مبروك للتعدين,مخلفات,101,عقد,2022-01-26,2025-01-25,1,البحر الأحمر,جبيت,0,ذهب,غير سارية
1597,شركة مزبد العالمية للأنشطة المتعددة المحدودة,مخلفات,14,عقد,2025-05-07,2028-05-06,1,جنوب كردفان,قدير,,ذهب,سارية
1010,شركة مسارات  للتعدين المحدودة,تعدين صغير,27/2009,عقد,2009-07-01,2039-06-30,1,النيل الازرق,باو,27/2009,كروم,سارية
1009,شركة مسارات  للتعدين المحدودة,تعدين صغير,26/2008,عقد,2009-07-01,2039-06-30,1,النيل الازرق,باو,26/2008,كروم,سارية
1011,شركة مسارات  للتعدين المحدودة,تعدين صغير,28/2009,عقد,2009-07-01,2039-06-30,1,النيل الازرق,باو,28/2009,كروم,سارية
1008,شركة مسارات  للتعدين المحدودة,تعدين صغير,25/2009,عقد,2009-07-01,2039-06-30,1,النيل الازرق,باو,25/2009,كروم,سارية
1445,شركة معاوية البرير للكيماويات,تعدين صغير,9/2006,عقد,2006-09-17,2027-09-16,1,نهر النيل,الدامر,9/2006,رمال بيضاء,ملغية
131,شركة ملكن للتعدين المحدودة,مخلفات,139,عقد,2021-05-26,2024-05-25,1,النيل الازرق,بكوري,0,ذهب,ملغية
1724,شركة مليط للإنشطة المتعددة المحدودة,مخلفات,279,عقد,2026-04-28,2029-04-27,1,جنوب كردفان,الليري,,ذهب,سارية
1722,شركة موناس للتعدين المحدودة,مخلفات,278,عقد,2026-02-19,2027-02-18,1,نهر النيل,بربر,,ذهب,سارية
575,شركة ميروقولد - جنوب كردفان,مخلفات,172,عقد,2018-12-04,2020-12-03,1,جنوب كردفان,الليري,0,ذهب,غير سارية
1440,شركة ناريوا للتعدين والاستثمار المحدودة,تعدين صغير,5ط/2024,عقد,2024-07-18,2029-07-17,1,الشمالية,دنقلا,5ط/2024,ذهب,سارية
978,شركة ناريوا للتعدين والاستثمار المحدودة,تعدين صغير,6/2024,رخصة بحث مطلق,2024-08-28,2025-02-27,2,الشمالية,الشمالية,6/2024,ذهب,سارية
1314,شركة نما للانشطة,تعدين صغير,2016/2,عقد,2016-08-24,2021-08-23,5,البحر الأحمر,حلايب,2016/2,جبص,غير سارية
1534,شركة نما للانشطة المتعددة المحدودة,مخلفات,58/حجر معدنيين,عقد,2025-01-08,2026-01-07,1,البحر الأحمر,درديب,,ذهب,غير سارية
154,شركة نما للانشطة المتعددة المحدودة,مخلفات,58,عقد,2023-07-30,2025-07-29,1,البحر الأحمر,درديب,0,ذهب,غير سارية
1664,شركة نوران تو,مخلفات,18/خام معالج مسبقاً,عقد,2025-10-20,2026-10-19,1,البحر الأحمر,جبيت,,ذهب,سارية
1616,شركة نوران تو,مخلفات,18,عقد,2023-12-13,2026-12-12,1,البحر الأحمر,جبيت المعادن,,ذهب,سارية
119,شركة نوران تو,مخلفات,155,عقد,2023-12-13,2026-12-12,1,البحر الأحمر,جبيت,0,ذهب,سارية
1617,شركة نوران تو,مخلفات,18/حجر معدنيين,عقد,2025-04-24,2026-04-23,1,البحر الأحمر,جبيت المعادن,,ذهب,سارية
1683,شركة نوش لمخلفات التعدين المحدودة,مخلفات,160/معالجة مسبقا,عقد,2025-09-02,2026-09-01,1,نهر النيل,ابوحمد,,ذهب,سارية
1315,شركة هايتك للتعدين المحدودة,تعدين صغير,14/2017,عقد,2017-12-18,2022-12-17,1,القضارف,البطانة,14/2017,سيليكا,غير سارية
1316,شركة هايتك للتعدين المحدودة,تعدين صغير,0,عقد,2017-12-18,2022-12-17,1,القضارف,البطانة,13/2017,سيليكا,غير سارية
181,شركة هايتند للأنشطة المتعددة المحدودة,مخلفات,127,عقد,2021-06-23,2024-06-22,1,شمال دارفور,كاس,0,ذهب,غير سارية
138,شركة هيمنة توب المحدودة,مخلفات,108,عقد,2024-11-21,2027-11-20,1,النيل الازرق,باو,0,ذهب,سارية
441,شركة وادي ابوحراز للتعدين (بي بي هيدروليك المحدودة ),امتياز استكشاف,NS17,إتفاقية,2015-01-31,2022-04-05,1,الشمالية,حلفا,NS17,ذهب,سارية
134,شركة وادي الدموك للأنشطة المتعددة المحدودة,مخلفات,150,عقد,2024-08-04,2027-08-03,1,القضارف,البطانة,0,ذهب,سارية
160,شركة واست للتعدين,مخلفات,52,عقد,2024-02-14,2027-02-13,1,البحر الأحمر,القنب والأوليب,0,ذهب,سارية
1709,شركة وايت لاين للتجارة و الخدمات و الاستثمار المحدودة,مخلفات,271,عقد,2026-03-11,2029-03-10,1,جنوب كردفان,الليري,,ذهب,سارية
1598,شركة ود البطانة للتعدين المحدودة,مخلفات,209/خام معالج مسبقاً,عقد,2025-05-06,2026-05-05,1,القضارف,البطانة,,ذهب,سارية
1665,شركة ود البطانة للتعدين المحدودة,مخلفات,209/حجر معدنين,عقد,2025-11-27,2026-11-26,1,القضارف,البطانة,,ذهب,سارية
101,شركة ود البطانة للتعدين المحدودة,مخلفات,209,عقد,2026-01-10,2029-01-09,1,القضارف,البطانة,0,ذهب,سارية
1693,شركة ون  هندريد للتجارة والاستثمار  المحدودة,مخلفات,263,عقد,2026-03-03,2029-03-02,1,جنوب كردفان,الليري,,ذهب,سارية
110,شركة ياباسط,مخلفات,184,عقد,2019-08-02,2021-08-01,1,البحر الأحمر,هيا,0,ذهب,غير سارية
1017,شفاعه للاستثمار والخدمات المحدوده,تعدين صغير,76/2010,عقد,2010-10-01,2040-09-30,1,النيل الازرق,باو,76/2010,كروم,سارية
1018,شفاعه للاستثمار والخدمات المحدوده,تعدين صغير,77/2010,عقد,2010-10-01,2040-09-30,1,النيل الازرق,باو,77/2010,كروم,سارية
1015,شفاعه للاستثمار والخدمات المحدوده,تعدين صغير,26/2010,عقد,2010-03-01,2040-02-29,1,النيل الازرق,باو,26/2010,كروم,سارية
1014,شفاعه للاستثمار والخدمات المحدوده,تعدين صغير,25/2010,عقد,2010-03-01,2040-02-29,1,النيل الازرق,باو,25/2010,كروم,سارية
1013,شفاعه للاستثمار والخدمات المحدوده,تعدين صغير,24/2010,عقد,2010-03-01,2040-02-29,1,النيل الازرق,باو,24/2010,كروم,سارية
1016,شفاعه للاستثمار والخدمات المحدوده,تعدين صغير,75/2010,عقد,2010-10-01,2040-09-30,1,النيل الازرق,باو,75/2010,كروم,سارية
1012,شفاعه للاستثمار والخدمات المحدوده,تعدين صغير,23/2010,عقد,2010-03-01,2040-02-29,1,النيل الازرق,باو,23/2010,كروم,سارية
1051,شفاعه للاستثمار والخدمات المحدوده,تعدين صغير,46/2022,رخصة بحث مطلق,2022-10-24,2023-10-23,1,البحر الأحمر,جبيت,46/2022,نحاس,غير سارية
128,شكير للتعدين,مخلفات,154,عقد,2021-02-05,2024-01-05,1,البحر الأحمر,هيا,0,ذهب,غير سارية
223,شكير للتعدين,مخلفات,154/حجر معدنيين,عقد,2021-02-05,2024-01-05,1,البحر الأحمر,هيا,0,ذهب,غير سارية
1607,شكير للتعدين - وادي حلفا,مخلفات,10,عقد,2024-11-11,2027-11-10,1,الشمالية,وادي حلفا,0.0,ذهب,سارية
60,شوبان للتعدين المحدودة,مخلفات,82,عقد,2025-03-10,2028-03-09,1,البحر الأحمر,جبيت المعادن,0,ذهب,سارية
64,شوشناي للتجارة و الخدمات المحدودة,مخلفات,61,عقد,2023-02-26,2026-02-25,1,نهر النيل,ابوحمد,0,ذهب,غير سارية
98,شيبا للتعدين و التنقيب (1),مخلفات,121,عقد,2021-08-04,2024-08-03,1,الشمالية,دلقو,0,ذهب,غير سارية
51,شيبا للتعدين و التنقيب (2),مخلفات,62,عقد,2023-01-08,2026-01-07,1,نهر النيل,بربر,0,ذهب,غير سارية
1019,صادق العالمية,تعدين صغير,14/2022,عقد,2022-06-06,2027-06-05,1,النيل الازرق,باو,14/2022,كروم,سارية
19,صحاري للتعدين المحدودة,مخلفات,212,عقد,2025-07-17,2028-07-16,1,نهر النيل,بربر,0,ذهب,سارية
1125,صلاح أحمد سعيد,تعدين صغير,2009/2,عقد,2009-07-01,2030-06-30,1,البحر الأحمر,حلايب,2009/2,جبص,سارية
1317,صلاح عبدالله جاد الله,تعدين صغير,152,عقد,2003-04-01,2024-03-31,1,البحر الأحمر,حلايب,152,جبص,غير سارية
1414,صلاح مياس للتعدين,تعدين صغير,41/2025,رخصة بحث مطلق,2024-09-02,2026-09-01,1,نهر النيل,ابوحمد,41/2025,ذهب,سارية
1413,صلاح مياس للتعدين,تعدين صغير,40/2025,رخصة بحث مطلق,2025-09-02,2026-09-01,1,نهر النيل,ابوحمد,40/2025,ذهب,سارية
1794,ضؤ القمر للتعدين,تعدين صغير,35/2026,رخصة بحث مطلق,2026-07-27,2027-07-26,1,البحر الأحمر,جبيت المعادن,35/2026,ذهب,سارية
1318,طاقات للأنشطة المتعددة,تعدين صغير,13/2026,رخصة بحث مطلق,2026-04-29,2027-04-28,1,الشمالية,مروي,13/2026,ذهب,سارية
1319,طاهينا للتعدين والإستثمار المحدودة,تعدين صغير,43/2015,رخصة بحث مطلق,2015-07-08,2016-07-07,1,الشمالية,حلفا,43/2015,ذهب,غير سارية
1320,طروادة للأعمال المتقدمة,تعدين صغير,18/2022,رخصة بحث مطلق,2022-05-11,2023-05-10,1,الشمالية,حلفا,18/2022,ذهب,غير سارية
1641,ظلال للتعدين,تعدين صغير,44/2025,رخصة بحث مطلق,2025-09-21,2026-09-20,1,نهر النيل,بربر,44/2025,مايكا,سارية
219,عادل ميرغني الرفاعي للتعدين,مخلفات,57/حجر معدنيين,عقد,2025-04-20,2026-04-19,1,الشمالية,دلقو,0.0,ذهب,سارية
87,عادل ميرغني الرفاعي للتعدين,مخلفات,57,عقد,2023-07-30,2025-07-29,1,الشمالية,دلقو,0,ذهب,غير سارية
1126,عبدالرحمن عوض عبد الرحمن,تعدين صغير,165,عقد,2006-12-01,2027-11-30,1,البحر الأحمر,حلايب,165,جبص,سارية
1024,عبد الله محى الدين للانشطه المتعدده,تعدين صغير,29/2009,عقد,2009-11-01,2039-10-31,1,النيل الازرق,باو,29/2009,كروم,سارية
1020,عبد الله محى الدين للانشطه المتعدده,تعدين صغير,25/2009,عقد,2009-11-01,2039-10-31,1,النيل الازرق,باو,25/2009,كروم,سارية
1021,عبد الله محى الدين للانشطه المتعدده,تعدين صغير,26/2009,عقد,2009-11-01,2039-10-31,1,النيل الازرق,باو,26/2009,كروم,سارية
1022,عبد الله محى الدين للانشطه المتعدده,تعدين صغير,27/2009,عقد,2009-11-01,2039-10-31,1,النيل الازرق,باو,27/2009,كروم,سارية
1023,عبد الله محى الدين للانشطه المتعدده,تعدين صغير,28/2009,عقد,2009-11-09,2039-11-08,1,النيل الازرق,باو,28/2009,كروم,سارية
1580,عبد الله يعقوب للأنشطة المتعددة,تعدين صغير,04/2025,عقد,2025-02-14,2030-02-13,1,نهر النيل,الدامر,04/2025,ذهب,سارية
1322,عبد الله يعقوب للأنشطة المتعددة,تعدين صغير,36/2021,رخصة بحث مطلق,2021-08-17,2021-08-17,1,نهر النيل,نهر النيل,36/2021,ذهب,غير سارية
1321,عبد الله يعقوب للأنشطة المتعددة,تعدين صغير,5/2024,رخصة بحث مطلق,2024-02-21,2025-02-20,1,نهر النيل,نهر النيل,5/2024,ذهب,سارية
431,عبد الوهاب السيسي للتعدين المحدودة,امتياز استكشاف,4B,إتفاقية,2014-09-30,2022-12-29,1,الشمالية,حلفا,4B,ذهب,غير سارية
1323,عثمان وسالم للأنشطة المتعددة,تعدين صغير,60/2019,رخصة بحث مطلق,2019-11-18,2020-11-17,1,الشمالية,دلقو,60/2019,ذهب,غير سارية
1324,عكرمه العالمية للتجارة والإستثمار المحدودة,تعدين صغير,62/2019,رخصة بحث مطلق,2019-12-17,2020-12-16,1,الخرطوم,شرق النيل,62/2019,كاولين,غير سارية
1325,على عيسى موسى,تعدين صغير,82,عقد,1995-11-01,2000-10-31,5,البحر الأحمر,حلايب,82,جبص,غير سارية
1127,على وجه محمد,تعدين صغير,16/2025,عقد,2025-10-02,2030-10-01,1,البحر الأحمر,حلايب,16/2025,ملح,سارية
1129,عماد الدين محمد,تعدين صغير,166,عقد,2006-12-01,2027-11-30,1,البحر الأحمر,حلايب,166,جبص,سارية
1128,عماد الدين محمد,تعدين صغير,12/2025,عقد,2025-08-01,2029-07-31,1,البحر الأحمر,حلايب,12/2025,جبص,سارية
1808,فاروس لتعدين الذهب المحدودة,امتياز منتجة,1/2016 حجر معدنين,عقد,2026-08-04,2027-08-03,1,البحر الأحمر,جبيت المعادن,,ذهب,سارية
193,فاروس لتعدين الذهب المحدودة,امتياز منتجة,2016/1,إتفاقية,2016-02-18,2026-02-18,4,البحر الأحمر,جبيت المعادن,5A,ذهب,سارية
1659,فام لأعمال التعدين المحدودة,مخلفات,246,عقد,2025-11-05,2028-11-04,1,الشمالية,دلقو,,ذهب,سارية
579,فاين قولد التجارية المحدودة,مخلفات,211,عقد,2020-01-10,2023-01-09,1,شمال كردفان,سودري,0,ذهب,غير سارية
94,فرك الكبرى للمعادن و التجارة و الإستثمار,مخلفات,87,عقد,2025-06-09,2026-10-08,1,الشمالية,وادي حلفا,0,ذهب,سارية
90,فري بورت للتعدين,مخلفات,119,عقد,2021-08-15,2024-08-14,1,الشمالية,دلقو,0,ذهب,ملغية
1622,فري بورت لمعالجة المخلفات المحدودة,مخلفات,4,عقد,2025-05-08,2028-05-07,1,الشمالية,دلقو,,ذهب,سارية
41,فضل المولى عرديب للتجارة و الاستثمار المحدودة,مخلفات,130,عقد,2024-06-08,2027-06-07,1,نهر النيل,ابوحمد,0,ذهب,سارية
1479,فوماهونق للتعدين والاستثمار,تعدين صغير,6/2009,عقد,2008-01-09,2029-01-08,6,النيل الازرق,باو,6/2009,كروم,ملغية
1130,فيصل عبدالكريم,تعدين صغير,76,عقد,2004-04-19,2025-04-18,1,البحر الأحمر,القنب والأوليب,76,ملح,غير سارية
1326,قوانغ من انترناسيونال,تعدين صغير,2019/4,عقد,2020-03-17,2025-03-16,1,نهر النيل,ابوحمد,2019/4,مايكا,غير سارية
1330,قوانغ من انترناسيونال,تعدين صغير,61/2019,رخصة بحث مطلق,2019-12-17,2020-12-16,1,نهر النيل,نهر النيل,61/2019,مايكا,غير سارية
1327,قوانغ من انترناسيونال,تعدين صغير,16/2020,رخصة بحث مطلق,2020-02-27,2021-02-26,1,نهر النيل,نهر النيل,16/2020,مايكا,غير سارية
1328,قوانغ من انترناسيونال,تعدين صغير,15/2020,رخصة بحث مطلق,2020-02-27,2021-02-26,1,نهر النيل,نهر النيل,15/2020,مايكا,غير سارية
1329,قوانغ من انترناسيونال,تعدين صغير,14/2020,رخصة بحث مطلق,2020-02-27,2021-02-26,1,نهر النيل,نهر النيل,14/2020,مايكا,غير سارية
1332,قولدن ايدياز للتعدين,تعدين صغير,12/2021,عقد,2021-12-29,2026-12-28,1,نهر النيل,بربر,12/2021,ذهب,سارية
1331,قولدن ايدياز للتعدين,تعدين صغير,34/2019,رخصة بحث مطلق,2019-04-24,2020-04-23,1,نهر النيل,نهر النيل,34/2019,ذهب,غير سارية
1052,قولدن ايرث للتعدين والاستثمار المحدودة,تعدين صغير,04/2026,رخصة بحث مطلق,2026-02-22,2027-02-21,1,البحر الأحمر,هيا,04/2026,ذهب,سارية
53,قولد نايل  للتعدين,مخلفات,115,عقد,2021-09-19,2024-09-18,1,نهر النيل,ابوحمد,0,ذهب,غير سارية
1421,قولدن تايم للتعدين المحدودة,تعدين صغير,36/2024,رخصة بحث مطلق,2024-10-06,2025-10-05,1,القضارف,البطانة,36/2024,ذهب,سارية
1575,قولدن تايم للتعدين المحدودة,تعدين صغير,02/2025,عقد,2025-02-10,2030-02-09,1,كسلا,خشم القربة,02/2025,ذهب,سارية
202,قولدين بيرد للتعدين المحدودة,امتياز منتجة,2024/2,,2024-04-30,2044-04-30,1,البحر الأحمر,هيا,A30,ذهب,سارية
206,قيسان للتنقيب والتعدين المحدودة,امتياز منتجة,32/2012,,2012-12-26,2022-12-26,5,النيل الازرق,قيسان,65,ذهب,غير سارية
1026,كاشمتوت للتجارة والاستثمار المحدودة,تعدين صغير,8\2009,عقد,2008-10-01,2038-09-30,1,النيل الازرق,باو,8\2009,كروم,سارية
1025,كاشمتوت للتجارة والاستثمار المحدودة,تعدين صغير,7\2009,عقد,2008-10-01,2038-09-30,1,النيل الازرق,باو,7\2009,كروم,سارية
68,كالندر للتعدين,مخلفات,174,عقد,2018-01-10,2020-01-09,1,نهر النيل,ابوحمد,0,ذهب,غير سارية
1131,كامل عبدالرحمن احمد,تعدين صغير,7,عقد,1990-04-08,2011-04-07,3,البحر الأحمر,القنب والأوليب,7,ملح,غير سارية
207,كراون هيلز للتعدبن,امتياز منتجة,23/2015,,2015-08-03,2025-08-04,1,البحر الأحمر,جبيت,7ِA,ذهب,ملغية
42,كريبر للحلول المتكاملة المحدودة,مخلفات,132,عقد,2024-06-07,2027-06-06,1,نهر النيل,ابوحمد,0.0,ذهب,سارية
211,كريبر للحلول المتكاملة المحدودة,مخلفات,132/حجر معدنيين,عقد,2024-03-07,2025-03-06,1,نهر النيل,ابوحمد,0.0,ذهب,غير سارية
117,كفاءة للأنشطة المتعددة,مخلفات,203,عقد,2025-07-20,2028-07-19,1,القضارف,البطانة,0,ذهب,سارية
1648,كفاءة للأنشطة المتعددة,مخلفات,203/حجر معدنين,عقد,2025-03-24,2026-03-23,1,القضارف,البطانة,,ذهب,سارية
1781,كلين للانشطة المتعددة المحدودة,تعدين صغير,30/2026,رخصة بحث مطلق,2026-07-14,2027-07-13,1,البحر الأحمر,هيا,30/2026,ذهب,سارية
1599,كمبال العالمية المحدودة,تعدين صغير,25/2025,رخصة بحث مطلق,2025-05-21,2026-05-20,1,البحر الأحمر,جبيت المعادن,25/2025,ذهب,غير سارية
475,كمبال العالمية المحدودة,امتياز استكشاف,5B,إتفاقية,2017-05-31,2026-05-30,1,البحر الأحمر,جبيت,5B,ذهب,سارية
411,كهرمان للأنشطة المتعددة و الإستثمار المحدودة,امتياز استكشاف,RSCU1,إتفاقية,2014-09-03,2023-03-15,1,البحر الأحمر,هيا,RSCU1,نحاس، ذهب,مجمدة
1496,كهرمان للانشطة المتعددة والاستثمار المحدودة,تعدين صغير,63/2011,عقد,2011-09-08,2041-09-07,1,النيل الازرق,باو,63/2011,كروم,ملغية
1028,كي أي إم للحلول المتكاملة المحدودة,تعدين صغير,32/2009,عقد,2009-11-01,2039-10-31,1,النيل الازرق,باو,32/2009,كروم,سارية
1027,كي أي إم للحلول المتكاملة المحدودة,تعدين صغير,31/2009,عقد,2009-11-01,2039-10-31,1,النيل الازرق,باو,31/2009,كروم,سارية
1426,كي تو للاعمال المتقدمة,تعدين صغير,37/2024,رخصة بحث مطلق,2024-10-14,2025-10-13,1,البحر الأحمر,حلايب,37/2024,منجنيز,سارية
1679,كيلوماس المحدودة,امتياز استكشاف,RS-F1,,2025-12-30,2025-12-29,1,البحر الأحمر,,RS-F1,ذهب,سارية
1029,كيو للتنمية المحدودة,تعدين صغير,41/2011,عقد,2011-05-03,2041-05-02,1,النيل الازرق,ود الماحى,41/2011,كروم,سارية
93,لازارا  للأعمال المتقدمة المحدودة,مخلفات,85,عقد,2025-06-25,2028-06-24,1,الشمالية,دلقو,0,ذهب,سارية
449,لازوتين للتعدين,امتياز استكشاف,C11-A,إتفاقية,2015-07-16,2019-07-15,1,القضارف,البطانة,C11-A,ذهب,غير سارية
405,لازوتين للتعدين المحدودة,امتياز استكشاف,7A-1,إتفاقية,2014-03-24,2020-11-24,1,البحر الأحمر,جبيت,7A-1,ذهب,غير سارية
1667,لاما للأنشطة المتعددة المحدودة.,امتياز استكشاف,SK-31C,إتفاقية,2025-12-02,2029-12-01,1,جنوب كردفان,جنوب كردفان,SK-31C,ذهب,سارية
1566,لاندمارك للأنشطة المتعددة,مخلفات,24/حجر معدنيين,عقد,2025-01-28,2026-01-27,1,نهر النيل,بربر,0,ذهب,غير سارية
17,لاندمارك للأنشطة المتعددة,مخلفات,24,عقد,2023-09-18,2026-09-17,1,نهر النيل,بربر,0,ذهب,سارية
493,لايزون للتعدين وخدمات التعدين,امتياز استكشاف,RNS-21A,إتفاقية,2019-04-01,2022-06-30,1,نهر النيل,بربر,RNS-21A,ذهب,غير سارية
1333,لمار,تعدين صغير,2010/10,عقد,2010-03-01,2040-02-29,2,نهر النيل,ابوحمد,2010/10,مايكا,سارية
476,لوسيل للتعدين المحدودة,امتياز استكشاف,BNS-13,إتفاقية,2017-09-13,2019-03-13,1,النيل الازرق,قيسان,BNS-13,ذهب,غير سارية
977,ليجند تورنادو للحلول المتكاملة المحدودة,تعدين صغير,14/2022,رخصة بحث مطلق,2022-04-17,2023-04-16,1,سنار,الدالي,14/2022,ذهب,غير سارية
1139,ليقند للتعدين,تعدين صغير,2/2018,عقد,2018-01-15,2023-01-14,1,النيل الازرق,باو,2/2018,كروم,غير سارية
1634,ماس للأعمال المتميزة المحدودة,مخلفات,238,عقد,2025-08-10,2028-08-09,1,الشمالية,وادي حلفا,,ذهب,سارية
1639,ماس موتور للتعدين,تعدين صغير,39/2025,رخصة بحث مطلق,2024-10-06,2025-10-05,1,الشمالية,مروي,39/2025,ذهب,غير سارية
225,مامور كومرا للانشطة المتعددة,مخلفات,147/حجر معدنيين,عقد,2021-04-26,2024-04-25,1,القضارف,قلع النحل,0,ذهب,سارية
136,مامور كومرا للانشطة المتعددة,مخلفات,147,عقد,2021-04-26,2024-04-25,1,القضارف,قلع النحل,0,ذهب,غير سارية
186,مانوب للتعدين المحدودة,امتياز منتجة,(2013)/38-106,,2013-01-15,2043-01-15,71,نهر النيل,ابوحمد,15,ذهب,سارية
1748,ماينينق تكنولوجي للتعدين,تعدين صغير,51/2021,رخصة بحث مطلق,2021-09-28,2022-09-27,1,وسط دارفور,زالنجي,51/2021,ذهب,غير سارية
1053,ماينينق تكنولوجي للتعدين,تعدين صغير,47/2022,رخصة بحث مطلق,2022-11-08,2023-11-07,1,البحر الأحمر,جبيت,47/2022,ذهب,غير سارية
1508,مبشرات لخدمات البترول,مخلفات,215,عقد,2016-09-16,2018-09-15,1,جنوب كردفان,الليري,,ذهب,غير سارية
1054,مجدى عبد الله صالح,تعدين صغير,160,عقد,2006-06-01,2027-05-31,2,البحر الأحمر,حلايب,160,جبص,سارية
1626,محاجر وملاحات محلية القنب والاوليب,تعدين صغير,pa2,عقد,2015-01-01,2035-01-01,1,البحر الأحمر,القنب والأوليب,pa2,ملح، جبص,غير سارية
1625,محاجر وملاحات محلية بورتسودان,تعدين صغير,pa1,عقد,2015-01-01,2035-01-01,1,البحر الأحمر,بورتسودان,pa1,ملح، جبص,غير سارية
1627,محاجر وملاحات محلية جبيت,تعدين صغير,pa3,عقد,2015-01-01,2035-01-01,1,البحر الأحمر,جبيت المعادن,pa3,ملح، جبص,غير سارية
1386,محجر محمد النجومي,تعدين صغير,2019/1,عقد,2019-01-06,2024-01-05,10,البحر الأحمر,حلايب,2019/1,جبص,غير سارية
1335,محمد ادم عثمان,تعدين صغير,2826,عقد,2005-09-12,2006-09-11,1,النيل الازرق,قيسان,2826,رخام,غير سارية
1348,محمد بابكر موسى (ملاحة دامات),تعدين صغير,9,عقد,1985-02-21,2006-02-20,2,البحر الأحمر,سواكن,9,ملح,غير سارية
1055,محمد صالح عبدالرحمن,تعدين صغير,61,عقد,2001-07-01,2022-06-30,1,البحر الأحمر,القنب والأوليب,61,ملح,غير سارية
77,مدن الذهب السبع للتعدين,مخلفات,135,عقد,2024-06-03,2027-06-02,1,الشمالية,وادي حلفا,0,ذهب,سارية
215,مدن الذهب السبع للتعدين,مخلفات,135/حجر معدنيين,عقد,2021-06-03,2024-06-02,1,الشمالية,وادي حلفا,0,ذهب,غير سارية
65,مرمر للمشاريع المتطورة المحدودة,مخلفات,56,عقد,2025-02-10,2028-02-10,1,نهر النيل,ابوحمد,0,ذهب,سارية
1336,مروج للتعدين,تعدين صغير,32/2018,رخصة بحث مطلق,2018-08-16,2019-08-15,1,الشمالية,دنقلا,32/2018,ذهب,غير سارية
1342,مزن للتعدين,تعدين صغير,6\2010,عقد,2010-03-08,2040-03-07,1,النيل الازرق,باو,6\2010,كروم,تنازل
1337,مزن للتعدين,تعدين صغير,1\2010,عقد,2010-03-08,2040-03-07,1,النيل الازرق,باو,1\2010,كروم,تنازل
1341,مزن للتعدين,تعدين صغير,5\2010,عقد,2010-03-08,2040-03-07,1,النيل الازرق,باو,5\2010,كروم,تنازل
1338,مزن للتعدين,تعدين صغير,2\2010,عقد,2010-03-08,2040-03-07,1,النيل الازرق,باو,2\2010,كروم,تنازل
1339,مزن للتعدين,تعدين صغير,3\2010,عقد,2010-03-08,2040-03-07,1,النيل الازرق,باو,3\2010,كروم,تنازل
1340,مزن للتعدين,تعدين صغير,4\2010,عقد,2010-03-08,2040-03-07,1,النيل الازرق,باو,4\2010,كروم,تنازل
32,مزن للتعدين المحدودة,مخلفات,189,عقد,2024-05-01,2027-04-30,1,نهر النيل,ابوحمد,0.0,ذهب,سارية
1584,مزن للتعدين المحدودة,مخلفات,189/حجر معدنيين,عقد,2025-04-15,2026-04-14,1,نهر النيل,ابوحمد,0.0,ذهب,سارية
1387,مسمار للتعدين,تعدين صغير,28/2026,رخصة بحث مطلق,2026-04-13,2027-04-12,1,البحر الأحمر,هيا,28/2026,ذهب,سارية
1803,مشروع إسكاى موتور لمعالجة مخلفات التعدين(شركة إسكاي موتور للتجارة والإستثمارالمحدودة ),مخلفات,313,عقد,2026-08-02,2029-08-01,1,جنوب كردفان,التضامن,,ذهب,سارية
428,مشروع جبل عامر(الجنيد للأنشطة المتعددة سابقاً),امتياز استكشاف,ND15,إتفاقية,2014-06-29,2019-06-28,1,شمال دارفور,كتم,ND15,ذهب,غير سارية
175,مشروع جبل عامر - الجنيد للانشطة المتعددة (سابقآ),مخلفات,232,عقد,2018-02-17,2020-02-16,1,شمال دارفور,كبكابية,0,ذهب,غير سارية
1784,مشروع حجاجية 2 لمعالجة مخلفات التعدين التقليدي,مخلفات,معالجة مسبقا301,عقد,2026-05-16,2027-05-15,1,نهر النيل,بربر,,ذهب,سارية
45,مشروع حجاجية 2 لمعالجة مخلفات التعدين التقليدي,مخلفات,49,عقد,2024-04-18,2027-04-17,1,نهر النيل,بربر,0,ذهب,سارية
1455,مصطفى حسن مختار,تعدين صغير,149,عقد,2002-01-19,2023-01-18,3,البحر الأحمر,القنب والأوليب,خور ايت,جبص,ملغية
1132,مصنع التنعيم لكربونات الكالسيوم والجبص,تعدين صغير,2010/1,عقد,2010-03-01,2031-03-01,1,البحر الأحمر,حلايب,2010/1,جبص,سارية
1384,مصنع عطبرة للكيمياويات,تعدين صغير,3545,عقد,2005-09-12,2025-09-11,1,نهر النيل,بربر,3545,رخام,غير سارية
1343,مصنع عطبرة للكيمياويات,تعدين صغير,3503,عقد,2005-12-09,2025-12-09,1,نهر النيل,نهر النيل,3503,رخام,غير سارية
1344,مطاحن الادريسي,تعدين صغير,161,عقد,2006-06-01,2027-05-31,2,البحر الأحمر,حلايب,161,جبص,سارية
1345,مطايا للأنشطة المتعددة,تعدين صغير,51/2025,رخصة بحث مطلق,2025-10-26,2026-10-25,1,نهر النيل,بربر,51/2025,منجنيز,سارية
1443,معادن الوادي,تعدين صغير,10/2008,عقد,2008-10-09,2029-03-01,5,نهر النيل,ابوحمد,10/2008,مايكا,ملغية
1744,معادن الوادي,تعدين صغير,61/2011,عقد,2011-01-01,2041-12-31,1,نهر النيل,ابوحمد,61/2011,مايكا,ملغية
1745,معادن الوادي,تعدين صغير,31/2008,عقد,2008-01-01,2029-12-31,1,نهر النيل,ابوحمد,31/2008,منجنيز، مايكا,ملغية
1747,معادن الوادي,تعدين صغير,12/1993,عقد,1993-04-06,2014-04-05,1,نهر النيل,ابوحمد,12/1993,تلك,ملغية
1746,معادن الوادي,تعدين صغير,60/2011,عقد,2011-07-21,2032-07-20,1,نهر النيل,ابوحمد,60/2011,منجنيز، مايكا,ملغية
1614,معادن للدراسات وخدمات التعدين المحدودة,تعدين صغير,31/2025,رخصة بحث مطلق,2025-07-03,2026-07-02,1,البحر الأحمر,جبيت المعادن,31/2025,ذهب,سارية
1633,معادن للدراسات وخدمات التعدين المحدودة,تعدين صغير,35/2025,رخصة بحث مطلق,2025-08-11,2026-08-10,1,البحر الأحمر,جبيت المعادن,35/2025,ذهب,سارية
1346,معالم للتعدين,تعدين صغير,28/2020,رخصة بحث مطلق,2020-08-10,2021-08-09,1,الشمالية,دنقلا,28/2020,ذهب,غير سارية
1133,مكي الجزولي عبدالله,تعدين صغير,154,عقد,2005-01-01,2026-12-31,1,البحر الأحمر,حلايب,154,جبص,سارية
1347,ملاحة اسامة حاج شرفى,تعدين صغير,57,عقد,1997-06-30,2018-06-29,2,البحر الأحمر,سواكن,57,ملح,غير سارية
1388,ملاحة البركة,تعدين صغير,6/2022,رخصة بحث مطلق,2022-03-15,2023-03-14,1,البحر الأحمر,القنب والأوليب,6/2022,ملح,غير سارية
1134,ملاحة طه كباشي(ملاحة اطعام ),تعدين صغير,78,عقد,2004-04-19,2025-04-18,3,البحر الأحمر,بورتسودان,78,ملح,غير سارية
1135,ملاحة عباس بدوى  الفكى(بلية,تعدين صغير,2/2010,عقد,2009-01-11,2030-10-31,2,البحر الأحمر,سواكن,2/2010,ملح,سارية
1452,ملاحة هوشيرى (خضر حسن كمبال,تعدين صغير,23,عقد,1982-06-02,2003-06-01,2,البحر الأحمر,القنب والأوليب,بورتسودان,ملح,ملغية
1136,ملاحطة بيطار المحدودة,تعدين صغير,29,عقد,2016-02-04,2037-02-03,2,البحر الأحمر,بورتسودان,29,ملح,سارية
406,ملينيوم للتعدين المحدودة,امتياز استكشاف,6E,إتفاقية,2014-04-01,2025-05-30,1,البحر الأحمر,القنب والأوليب,6E,ذهب,سارية
1349,مناتيا للأنشطة المتعددة,تعدين صغير,26/2019,رخصة بحث مطلق,2019-03-27,2020-03-26,1,الشمالية,مروي,26/2019,ذهب,غير سارية
454,مناجم العالمية للتعدين المحدودة(مانوب),امتياز استكشاف,15,إتفاقية,2008-09-14,2026-05-28,1,نهر النيل,ابوحمد,15,ذهب,سارية
1350,مناره كدوكول للأنشطة المتعددة,تعدين صغير,56/2022,رخصة بحث مطلق,2022-12-18,2023-12-17,1,الشمالية,دلقو,56/2022,ذهب,غير سارية
1660,منجم آل جامع للتعدين,مخلفات,247,عقد,2025-10-02,2028-10-01,1,جنوب كردفان,الليري,,ذهب,سارية
1351,منيسوتا للتعدين,تعدين صغير,62/2021,رخصة بحث مطلق,2021-11-04,2022-11-03,1,شمال دارفور,الفاشر,62/2021,ذهب,غير سارية
457,مهوقني للاستثمار المحدودة,امتياز استكشاف,A1,إتفاقية,2010-11-07,2024-08-31,1,الشمالية,حلفا,A1,ذهب,سارية
135,مودرن لوجستيك للمشاريع المتطورة المحدودة(مشروع001),مخلفات,151,عقد,2021-04-08,2024-03-08,1,البحر الأحمر,القنب والأوليب,0,ذهب,غير سارية
1352,موسى حسن مختار,تعدين صغير,148,عقد,2000-09-01,2021-08-31,2,البحر الأحمر,جبيت المعادن,148,جبص,غير سارية
1684,موناس للتعدين المحدودة,مخلفات,معالجة  مسبقا230,عقد,2025-12-09,2026-12-08,1,نهر النيل,بربر,,ذهب,سارية
21,موناس للتعدين المحدودة,مخلفات,230,عقد,2026-02-19,2029-02-18,1,نهر النيل,بربر,0,ذهب,سارية
1353,مونتريال الشمال الزراعية المحدودة,تعدين صغير,49/2016,رخصة بحث مطلق,2016-11-02,2017-11-01,1,نهر النيل,ابوحمد,49/2016,ذهب,غير سارية
1454,مياس الهندسية,تعدين صغير,145,عقد,1998-03-30,2019-03-29,12,البحر الأحمر,القنب والأوليب,145,جبص,ملغية
198,مياس ساند المعدنية,امتياز منتجة,Id/58,,2021-10-01,2051-10-01,19,نهر النيل,ابوحمد,14,ذهب,سارية
413,مياس ساند المعدنية المحدودة,امتياز استكشاف,14B,إتفاقية,2010-05-19,2028-11-18,1,نهر النيل,ابوحمد,14B,ذهب,سارية
553,مياس نوب للأنشطة المتعددة (بان سودان ريسورسز-شركة الإنتاج),امتياز استكشاف,RNS11,إتفاقية,2016-12-01,2023-02-28,1,نهر النيل,سيدون,RNS11,ذهب,غير سارية
1354,ميرف للتعدين,تعدين صغير,53/2020,رخصة بحث مطلق,2020-10-27,2021-10-26,1,الشمالية,دنقلا,53/2020,ذهب,ملغية
558,ميروقولد للتعدين - العبيدية,مخلفات,157,عقد,2018-12-04,2020-12-03,1,نهر النيل,بربر,0,ذهب,غير سارية
1596,ميني بورت للتعدين,تعدين صغير,24/2026,رخصة بحث مطلق,2026-07-02,2027-07-01,1,البحر الأحمر,جبيت المعادن,24/2026,ذهب,سارية
472,نارس للأنشطة المتعددة المحدودة,امتياز استكشاف,19A,إتفاقية,2017-03-09,2020-08-05,1,البحر الأحمر,هيا,19A,ذهب,غير سارية
1355,ناسا للتعدين,تعدين صغير,11/2021,عقد,2021-12-02,2026-10-01,3,البحر الأحمر,هيا,11/2021,ذهب,سارية
1757,نامية للانشطة المتعددة,تعدين صغير,15/2026,رخصة بحث مطلق,2026-06-11,2027-06-10,1,الشمالية,دنقلا,15/2026,ذهب,سارية
40,نامية للتعدين المحدودة,مخلفات,129,عقد,2024-06-09,2027-06-08,1,نهر النيل,ابوحمد,0,ذهب,سارية
1356,نايل تان للمشاريع المتطورة,تعدين صغير,10/2019,رخصة بحث مطلق,2019-02-04,2020-02-03,1,الشمالية,دنقلا,10/2019,ذهب,غير سارية
429,نبتة للجيولوجيا و التعدين المحدودة,امتياز استكشاف,10,إتفاقية,2010-05-19,2022-07-03,1,النيل الأزرق,الكرمك,10,ذهب,مجمدة
55,نبرا للتعدين المحدودة,مخلفات,142,عقد,2021-05-23,2024-05-22,1,نهر النيل,ابوحمد,0,ذهب,غير سارية
209,نجير للتنمية المحدودة,مخلفات,140/حجر معدنيين,عقد,2025-07-30,2026-07-29,1,نهر النيل,بربر,0,ذهب,سارية
24,نجير للتنمية المحدودة,مخلفات,140,عقد,2024-05-26,2027-05-25,1,نهر النيل,بربر,0,ذهب,سارية
420,نجيم قولد للتعدين المحدودة,امتياز استكشاف,9,إتفاقية,2009-08-26,2026-06-06,1,نهر النيل,ابوحمد,9,ذهب,سارية
465,نحمدو  للتعدين,امتياز استكشاف,68E,إتفاقية,2016-08-15,2018-08-14,1,البحر الأحمر,حلايب,68-E,ذهب,ملغية
50,نزار عبد الله عثمان للتعدين الصغير,مخلفات,90,عقد,2022-05-18,2025-05-17,1,نهر النيل,بربر,0,ذهب,غير سارية
1357,نزوى للتعدين,تعدين صغير,15/2022,رخصة بحث مطلق,2022-04-19,2023-04-18,1,البحر الأحمر,درديب,15/2022,ذهب,غير سارية
1358,نصاب للتعدين,تعدين صغير,44/2017,رخصة بحث مطلق,2017-10-10,2018-10-09,1,نهر النيل,ابوحمد,44/2017,ذهب,غير سارية
1491,نصر الدين الشيخ مصطفى الامين واولاده,تعدين صغير,31/2011,عقد,2011-03-22,2041-03-21,1,النيل الازرق,باو,31/2011,كروم,ملغية
1495,نصر الدين الشيخ مصطفى الامين واولاده,تعدين صغير,32/2011,عقد,2011-03-22,2041-03-21,1,النيل الازرق,باو,32/2011,كروم,ملغية
1137,نصر الدين عبد الله,تعدين صغير,157,عقد,2005-09-01,2026-08-31,1,البحر الأحمر,حلايب,157,جبص,سارية
36,نوش للتعدين,مخلفات,160,عقد,2023-08-29,2026-08-28,1,نهر النيل,ابوحمد,0,ذهب,سارية
1698,نوش لمعالجة مخلفات التعدين,تعدين صغير,8/2026,رخصة بحث مطلق,2026-03-11,2027-03-11,1,نهر النيل,ابوحمد,8/2026,ذهب,سارية
1719,نوش لمعالجة مخلفات التعدين,تعدين صغير,9/2026,رخصة بحث مطلق,2026-05-03,2027-05-02,1,نهر النيل,ابوحمد,9/2026,ذهب,سارية
1632,نيبون قولد المحدودة,امتياز منتجة,6/2024,عقد,2024-09-23,2044-09-22,1,الشمالية,حلفا,50,ذهب,سارية
453,نيلان العالمية المحدودة,امتياز استكشاف,17G,إتفاقية,2015-11-01,2024-09-20,1,الشمالية,حلفا,17G,ذهب,غير سارية
62,هاس ترانسبورت إل إل سي المحدودة,مخلفات,95,عقد,2022-04-21,2025-04-20,1,نهر النيل,ابوحمد,0,ذهب,سارية
1058,هاش للتعدين,تعدين صغير,51/2022,رخصة بحث مطلق,2022-12-01,2023-11-30,1,البحر الأحمر,جبيت,51/2022,ذهب,غير سارية
1057,هاش للتعدين,تعدين صغير,52/2022,رخصة بحث مطلق,2022-12-01,2023-11-30,1,البحر الأحمر,جبيت,52/2022,ذهب,غير سارية
1059,هاشم محمد بلال,تعدين صغير,60,عقد,2001-10-10,2022-10-09,1,البحر الأحمر,جبيت المعادن,60,ملح,غير سارية
1372,هاشم محمد بلال,تعدين صغير,67,عقد,2003-08-01,2024-07-31,1,البحر الأحمر,جبيت المعادن,67,ملح,غير سارية
1138,هاشم محمد بلال,تعدين صغير,2018/28,عقد,2018-04-12,2023-04-11,12,البحر الأحمر,جبيت المعادن,2018/28,ملح,غير سارية
1373,هاشم محمد بلال,تعدين صغير,2018/10,عقد,2018-04-12,2023-04-11,1,البحر الأحمر,جبيت المعادن,2018/10,ملح,غير سارية
1359,هايباتكو للتنمية والخدمات المحدودة,تعدين صغير,32/2017,رخصة بحث مطلق,2017-05-25,2018-05-24,1,الشمالية,حلفا,32/2017,ذهب,غير سارية
1520,هايتك للتعدين المحدودة,تعدين صغير,14/2017,عقد,2017-12-18,2022-12-17,1,القضارف,البطانة,14/2017,كوارتز,غير سارية
1519,هايتك للتعدين المحدودة,تعدين صغير,13/2017,عقد,2017-12-18,2022-12-17,1,القضارف,البطانة,13/2017,كوارتز,غير سارية
979,هايتند للانشطة المتعددة المحدودة,تعدين صغير,4/2022,رخصة بحث مطلق,2022-03-01,2023-02-28,1,جنوب دارفور,نيالا,4/2022,ذهب,غير سارية
97,هايتند للانشطة المحدودة,مخلفات,71,عقد,2022-10-20,2025-10-19,1,الشمالية,دلقو,0,ذهب,سارية
1360,هبرم لتعدين الذهب,تعدين صغير,36/2015,رخصة بحث مطلق,2015-09-10,2016-09-09,1,نهر النيل,ابوحمد,36/2015,ذهب,غير سارية
1361,هجو للتعدين,تعدين صغير,17/2021,رخصة بحث مطلق,2021-05-19,2022-05-18,1,شمال دارفور,المالحة,17/2021,ذهب,غير سارية
483,هجو للمقاولات (الدالي والمزموم لاعمال التربة والمقاولات),امتياز استكشاف,RS-R3,إتفاقية,2018-05-29,2024-08-15,1,البحر الأحمر,جبيت,RS-R3,ذهب,غير سارية
58,هديل للتعدين و معالجة مخلفات التعدين,مخلفات,164,عقد,2020-08-20,2023-08-19,1,نهر النيل,ابوحمد,0,ذهب,غير سارية
1031,هزيم للتعدين,تعدين صغير,2ط/2024,عقد,2024-05-05,2029-05-04,1,الشمالية,مروي,2ط/2024,ذهب,سارية
1248,هزيم للتعدين,تعدين صغير,11/2025,رخصة بحث مطلق,2026-04-27,2027-04-26,1,الشمالية,دنقلا,11/2025,ذهب,سارية
1363,هوادونق للتعدين,تعدين صغير,2020/12,عقد,2020-12-23,2025-12-22,1,الشمالية,دنقلا,2020/12,ذهب,غير سارية
1364,هوادونق للتعدين,تعدين صغير,2020/11,عقد,2020-12-23,2025-12-22,1,الشمالية,دنقلا,2020/11,ذهب,غير سارية
196,هواكان حمادي ريسورس,امتياز منتجة,2007/5,,2007-05-03,2028-05-03,7,نهر النيل,ابوحمد,20,ذهب,سارية
1457,وائل اسماعيل الامين,تعدين صغير,167,عقد,2006-12-01,2027-11-30,1,البحر الأحمر,القنب والأوليب,167,جبص,ملغية
1749,وادي الروضة للأعمال,تعدين صغير,71/2019,رخصة بحث مطلق,2019-12-22,2020-12-21,1,البحر الأحمر,هيا,71/2019,كوارتز,غير سارية
1751,وادي الروضة للأعمال,تعدين صغير,10/2021,رخصة بحث مطلق,2021-04-22,2022-04-21,1,البحر الأحمر,هيا,10/2021,كوارتز,غير سارية
1365,وادي الروضة للأعمال,تعدين صغير,33/2019,رخصة بحث مطلق,2019-04-23,2020-04-22,1,نهر النيل,بربر,33/2019,كوارتز,غير سارية
1642,وادي السبائك  للانشطة المتعددة,تعدين صغير,45/2025,رخصة بحث مطلق,2025-09-25,2026-09-24,1,البحر الأحمر,هيا,45/2025,ذهب,سارية
46,وادي العشار للتعدين المحدودة,مخلفات,141,عقد,2021-05-26,2024-05-25,1,نهر النيل,بربر,0,ذهب,غير سارية
67,وادي قرضاية للأنشطة المتعددة المحدودة,مخلفات,46,عقد,2024-07-04,2027-07-05,1,نهر النيل,ابوحمد,0,ذهب,سارية
1697,وايلد كات قولد ماينيق للتعدين,تعدين صغير,3/2026,رخصة بحث مطلق,2026-02-19,2027-02-18,1,النيل الازرق,الرصيرص,3/2026,ذهب,سارية
57,وجدي للتعدين,مخلفات,144,عقد,2021-05-04,2024-05-03,1,نهر النيل,ابوحمد,0,ذهب,غير سارية
484,ود الجمالي للانشطة المتعددة,امتياز استكشاف,R206,إتفاقية,2018-08-06,2022-02-19,1,البحر الأحمر,حلايب,R206,ذهب,غير سارية
1366,ود الكرف للانشطة المتعددة المحدودة,تعدين صغير,35/2024,رخصة بحث مطلق,2024-09-23,2025-09-22,1,البحر الأحمر,جبيت,35/2024,ذهب,غير سارية
1590,ود الكرف للانشطة المتعددة المحدودة,تعدين صغير,05/2025,عقد,2025-02-10,2030-02-09,1,البحر الأحمر,حلايب,05/2025,ذهب,سارية
1696,ود الناظر الذهبية للانشطة المتعددة المحدودة,تعدين صغير,6/2026,رخصة بحث مطلق,2026-03-01,2027-02-28,1,الشمالية,دنقلا,6/2026,ذهب,سارية
1559,ود حامد للتعدين,مخلفات,26,عقد,2025-02-11,2028-02-10,1,الشمالية,دنقلا,,ذهب,سارية
1060,ود درقي للتعدين,تعدين صغير,59/2022,رخصة بحث مطلق,2022-12-27,2023-12-26,1,الشمالية,حلفا,59/2022,ذهب,غير سارية
1412,وديدة للتعدين,تعدين صغير,2025/34,رخصة بحث مطلق,2025-07-29,2026-07-28,1,الشمالية,دلقو,20/2024,ذهب,سارية
1588,وضاح صالح للتعدين,مخلفات,64/حجر معدنيين,عقد,2025-04-17,2026-04-16,1,الشمالية,دلقو,0.0,ذهب,سارية
99,وضاح صالح للتعدين,مخلفات,64,عقد,2025-12-29,2028-12-28,1,الشمالية,وادي حلفا,0,ذهب,سارية
1589,وقر للتعدين,تعدين صغير,6/2025,عقد,2025-03-24,2030-03-23,1,البحر الأحمر,حلايب,6/2025,تلك,سارية
1411,وقر للتعدين,تعدين صغير,18/2024,رخصة بحث مطلق,2024-06-10,2025-06-09,1,البحر الأحمر,حلايب,18/2024,تلك,سارية
409,ولاية البحر الأحمر (الرضا للتعدين),امتياز استكشاف,RS4,إتفاقية,2013-01-16,2024-03-31,1,البحر الأحمر,هيا,RS4,ذهب,سارية
448,ولاية البحر الاحمر,امتياز استكشاف,12B,إتفاقية,2015-05-24,2018-05-23,1,البحر الأحمر,القنب والأوليب,12B,ذهب,سارية
435,ولاية الجزيرة,امتياز استكشاف,E 13,إتفاقية,2012-12-18,2013-12-17,1,الجزيرة,مدني,E 13,ذهب,غير سارية
436,ولاية الخرطوم,امتياز استكشاف,M 13,إتفاقية,2013-01-19,2018-07-24,1,الخرطوم,الخرطوم,M 13,ذهب,غير سارية
396,ولاية القضارف,امتياز استكشاف,B11,إتفاقية,2014-10-31,2015-09-29,1,القضارف,البطانة,B11,ذهب,غير سارية
445,ولاية النيل الأزرق,امتياز استكشاف,61,إتفاقية,2014-02-05,2022-01-21,1,النيل الازرق,قيسان,61,ذهب,غير سارية
437,ولاية النيل الأزرق,امتياز استكشاف,BNS 1,إتفاقية,2014-02-05,2019-01-21,1,النيل الازرق,قيسان,BNS 1,ذهب,غير سارية
439,ولاية جنوب دارفور,امتياز استكشاف,SD10,إتفاقية,2013-12-01,2014-11-30,1,جنوب دارفور,نيالا,SD10,ذهب,غير سارية
452,ولاية جنوب كردفان,امتياز استكشاف,SK38,إتفاقية,2015-10-11,2023-02-15,1,جنوب كردفان,كادقلي,SK38,ذهب,غير سارية
423,ولاية شمال كردفان,امتياز استكشاف,49A,إتفاقية,2014-11-01,2017-11-28,1,شمال كردفان,الابيض,49A,ذهب,غير سارية
438,ولاية غرب دارفور,امتياز استكشاف,WD1,إتفاقية,2013-07-24,2014-07-23,1,غرب دارفور,الجنينة,WD1,ذهب,غير سارية
443,ولاية غرب كردفان,امتياز استكشاف,WK1,إتفاقية,2014-10-21,2020-07-19,1,غرب كردفان,الفولة,WK1,ذهب,غير سارية
442,ولاية غرب كردفان,امتياز استكشاف,52,إتفاقية,2014-09-04,2021-09-03,1,غرب كردفان,الفولة,52,ذهب,غير سارية
1368,وميض للأعمال المتقدمة,تعدين صغير,56/2020,رخصة بحث مطلق,2020-11-11,2021-11-10,1,البحر الأحمر,القنب والأوليب,56/2020,ذهب,غير سارية
1405,ويسترون للتجارة,تعدين صغير,17/2025,رخصة بحث مطلق,2025-04-15,2026-04-14,1,الشمالية,وادي حلفا,17/2025,ذهب,غير سارية
1369,وي لينك للأنشطة المتعددة,تعدين صغير,53/2022,رخصة بحث مطلق,2022-12-07,2023-12-06,1,الشمالية,دلقو,53/2022,ذهب,غير سارية
88,وي لينك للانشطة المتعددة,مخلفات,21,عقد,2023-03-19,2025-03-18,1,الشمالية,دلقو,0.0,ذهب,غير سارية
220,وي لينك للانشطة المتعددة,مخلفات,21/حجر معدنيين,عقد,2024-06-03,2025-06-02,1,الشمالية,دلقو,0.0,ذهب,سارية
43,يونميكس للانشطة المتعددة,مخلفات,120,عقد,2024-08-04,2027-08-03,1,نهر النيل,ابوحمد,0.0,ذهب,سارية
1582,يونميكس للانشطة المتعددة,مخلفات,120/حجر معدنيين,عقد,2025-04-17,2026-04-16,1,نهر النيل,ابوحمد,0.0,ذهب,سارية
