id,company_type,code,name_ar,name_en,nationality,address,website,manager_name,manager_phone,rep_name,rep_phone,email,status
544,emtiaz,,A D G MINING CO.LTD,A D G MINING CO.LTD,1,الخرطوم - الرياض,http://adgmining.com,محمد فقيري,183555888,طلال عماد عبدالمنعم,0115993757,,129
412,emtiaz,,ALALMASS FOR MINERALLZATION,ALALMASS FOR MINERALLZATION,1,الخرطوم-المنشية- شارع الاديب الطيب صالح – جوار برج ام تي ان,http://dr.abdalsalam@yahoo.com,عبدالسلام طالب,0123612645/0123612645,عبدالسلام طالب - سامي عبدالخالق عبدالله,0913988819 - 0123876767,dr.abdalsalam@yahoo.com,129
533,emtiaz,,ALGENAID MULTI ACTIVITIES CO.LTD,ALGENAID MULTI ACTIVITIES CO.LTD,1,الخرطوم- الجريف غرب- الحارة الأولى- مربع 134,Waleedeitayeb26@gmail .com,عبدالرحمن احمد البكري,185000000,ادم حمدان علي محمد,185000000,,129
532,emtiaz,,ALGENAID MULTI ACTIVITIES CO.LTD,ALGENAID MULTI ACTIVITIES CO.LTD,1,الخرطوم- الجريف غرب- الحارة الأولى- مربع 134,Waleedeitayeb26@gmail .com,عبدالرحمن احمد البكري,185000000,ادم حمدان علي محمد,185000000,,129
499,emtiaz,,ALGUNADE FOR MULTI ACTIVITIES CO.LTD,ALGUNADE FOR MULTI ACTIVITIES CO.LTD,1,الخرطوم- الجريف غرب- الحارة الأولى- مربع 134,Waleedeitayeb26@gmail .com,عبدالرحمن احمد البكري,185000000,ادم حمدان علي محمد,185000000,,2
530,emtiaz,,ALMGFOLA FOR MINING,ALMGFOLA FOR MINING,1,الخرطوم - شارع الهوى - مبنى رقم 365,http://www.almgfola@gmail.com,alfateh aboh adoh Mohamed,912211458,عبد المجيد عماد فضل عبد القادر,912818528,,129
540,emtiaz,,ALMIZAN FOR PETROLEUM SERVICES AND MINING CO.LTD,ALMIZAN FOR PETROLEUM SERVICES AND MINING CO.LTD,1,الخرطوم العمارات شارع 9 منزل رقم 13,ESMEG0123@gmail.com,حسام الدين محمود عبد الحكيم,912163312,محمد عبد الرحيم يعقوب,912163312,,129
562,emtiaz,,ALNASEER INTERNATIONAL CO.LTD,ALNASEER INTERNATIONAL CO.LTD,1,"الخرطوم - العمارات شارع 7
بورتسودان - عمارة التأمينات الإسلامية - الطابق الرابع - شقة رقم 11.",,جواد يوسفي,912300010,الطيب العطا الطيب - علي محمد علي,918333363 - 0912776845,alnasserinternationalmining@gmail.com,129
415,emtiaz,,ALNHDA MINING CO.LTD,ALNHDA MINING CO.LTD,1,الخرطوم -  الفرودس جنوب- جوار مسجد جمعية قطر الخيرية - منزل رقم 694,http://profyounis@hotmail.com,هجو احمد محمد,0123901552,هجو احمد محمد,0123901552,,142
517,emtiaz,,AL SHATI COMPANY FOR MINING LIMITED,AL SHATI COMPANY FOR MINING LIMITED,1,الخرطوم بحري - شارع رقم 3 - منزل رقم 11,http://simhar-co@hotmail.com,الضو صديق الضو يوسف,123550238,بهاء الدين محمد حسن,915188853,,129
558,emtiaz,,ALTAGEER INVESTMENT CO.LTD,ALTAGEER INVESTMENT CO.LTD,1,الخرطوم بحري مربع 7 منزل رقم 128,altageermining.com,الطيب العطا الطيب محمد,912300010,محمد عبد الرحيم الرضي,123674367,,129
569,emtiaz,,ALTALE MINING & INVESTMENT CO.LTD,ALTALE MINING & INVESTMENT CO.LTD,,"port sudan,elshati,block9,building10",,,,mr.siddig mohamed ali amara,,,129
537,emtiaz,,ARIAB MINING CO.LTD,ARIAB MINING CO.LTD,1,الخرطوم - شارع البلدية,www.Ariammining.com,نصر الدين الحسين,912393491,دايتك علي دايتك,912143626,,129
536,emtiaz,,ARIAB MINING CO.LTD,ARIAB MINING CO.LTD,1,الخرطوم - شارع البلدية,www.Ariammining.com,نصر الدين الحسين,912393491,دايتك علي دايتك,912143626,,129
535,emtiaz,,ARIAB MINING CO.LTD,ARIAB MINING CO.LTD,1,الخرطوم - شارع البلدية,www.Ariammining.com,نصر الدين الحسين,912393491,دايتك علي دايتك,912143626,,129
534,emtiaz,,ARIAB MINING CO.LTD,ARIAB MINING CO.LTD,1,الخرطوم - شارع البلدية,www.Ariammining.com,نصر الدين الحسين,912393491,دايتك علي دايتك,912143626,,129
430,emtiaz,,ASPIRE NATURAL RESOURCES CO.LTD,ASPIRE NATURAL RESOURCES CO.LTD,1,الخرطوم- العمارات- شارع المطار- شارع 51- مبني رقم 23- جوار شركة أسوار- برج زينة الطابق الأرضي.,http://vnk_shi@yahoo.ocm,sirnivas rama raju alluri,183777939,فيجن ناير,918062314,asr@asrconglomerate.com,130
476,emtiaz,,BRINSLEY ENTERPRISES LTD,BRINSLEY ENTERPRISES LTD,"1,11",الخرطوم- العمارات -ش 47- عمارة 18 – شقة 7,http://acc.mg@orshab.com,رمزي سلامة,185312233,عوض يحيي,0910160616,acc.mg@orshab.com,142
1938,emtiaz,RS-204,BTANUS INTERNATIONAL SERVIES CO.LTD,BTANUS INTERNATIONAL SERVIES CO.LTD,1,بورتسودان - حي المطار - شارع البرهانية,,مدثر أحمد حامد عبدالله,0912356278 - 0122480005,مدثر أحمد حامد عبدالله,0912356278 - 0122480005,Info@btanus-sudan.com,129
555,emtiaz,,CHINA HAINA BAICHUAN INTERNATIONAL INVESTMENT CO.LTD,CHINA HAINA BAICHUAN INTERNATIONAL INVESTMENT CO.LTD,13,الخرطوم - المنشية شارع اوماك شرق MTN -مبنى رقم 50 الطابق الخامس,ghii-mining.com,wang tian wei,912506747,wang tian wei,912506747,Wangfangazz@gmail.com,129
508,emtiaz,,CONCORP MINING CO.LTD,CONCORP MINING CO.LTD,1,الخرطوم - الخرطوم شمال,info@concorp.net,مصطفى عبدالله حسين,912319910,مصطفى عبدالله حسين,912319910,,129
554,emtiaz,,CREEPER INTEGRATED SOLUTIONS,CREEPER INTEGRATED SOLUTIONS,1,الخرطوم - بحري,http://creepermining.com,creeper general manger,184005588,creeper general manger,184005588,nwraldynfdlallh871@gmail.com,129
567,emtiaz,,DAL MINING INVESTMENT CO.LTD,DAL MINING INVESTMENT CO.LTD,1,الخرطوم قاردن سيتي مربع 73,http://www.dalgroup.com,د. محمد ابوفاطمة,912317032,احمد فيصل -خالد فخر الدين أدريس,967898750 -0900498518,khaledfakhraldeen11@gmail.com,129
566,emtiaz,,DAL MINING INVESTMENT CO.LTD,DAL MINING INVESTMENT CO.LTD,1,الخرطوم قاردن سيتي مربع 73,http://www.dalgroup.com,د. محمد ابوفاطمة,912317032,احمد فيصل  -خالد فخر الدين أدريس,967898750 -0900498518,,129
511,emtiaz,,DAL Mining Investment Company LTD,DAL Mining Investment Company LTD,1,الخرطوم قاردن سيتي مربع 73,http://www.dalgroup.com,د. محمد ابوفاطمة,912317032,احمد فيصل  -خالد فخر الدين أدريس,967898750 -0900498518,,129
559,emtiaz,,DENMEAD PETROLEUM L.L.C,DENMEAD PETROLEUM L.L.C,1,dubai- business towers,http://denameadpetroluem.com,نزار ابراهيم عمر,0900959064 - 00971509144525,نزار ابراهيم عمر,97144541459,nazar.sudatech7@gmail.com,129
507,emtiaz,,DESERT MINERALS CO LTD,DESERT MINERALS CO LTD,1,الخرطوم - العمارات - شارع رقم 7 - منزل رقم 32 - الطابق الثاني,http://gm@desert-minerals.com,rafik isahakyan,249968117496,محمد رياض,0900913531,logistic@desert-minerals.com,141
547,emtiaz,,DESERT MINERALS CO.LTD,DESERT MINERALS CO.LTD,12,الخرطوم - العمارات - شارع رقم 7 - منزل رقم 32 - الطابق الثاني,http://gm@desert-minerals.com,rafik isahakyan,249968117496,rafik isahakyan,249968117496,,141
443,emtiaz,,DONGALA-ARGEEN HIGH WAY FOR INVESTMENT COMPANY LIMITED,DONGALA-ARGEEN HIGH WAY FOR INVESTMENT COMPANY LIMITED,1,الخرطوم – بري اللاماب مربع 9- عقار رقم (497) –  جنوب برج الإتصالات,rehab@zawayagroup.com,عبدالباسط حمزة,912332069,موسى دنقلا ارقين,912208657,dongolaargeenh@hotmail.com,130
557,emtiaz,,ELMUBARK ELTAYEB MINING,ELMUBARK ELTAYEB MINING,1,الخرطوم - العمارات شارع 45,http://eemmining.com,مبارك الطيب,183448899,ابوذر عبد العزيز,0113197115,md@nageergroup.com,129
425,emtiaz,,EL Rand for Advance Business Company.Ltd,EL Rand for Advance Business Company.Ltd,1,الخرطوم – المنطقة الصناعية -تقاطع شارع الغابة مع  شارع الخور,http://alrand@as-sd.com,عبدالمجيد سليمان,912141645,سامي عبدالمجيد سليمان - سليمان محمد سليمان,912300749 - 0912404079,alrandb16@gmail.com,142
439,emtiaz,,FINE GOLD TRADING COMPANY LIMITED,FINE GOLD TRADING COMPANY LIMITED,1,الخرطوم -  السوق العربي-غرب فندق البحرين,finegoldmining.com,البشير محمد علي طه,912307661,عبدالرحمن وضاحة علي طه,912397774,,129
527,emtiaz,,FREEDOM COMPANY LIMITED,FREEDOM COMPANY LIMITED,1,الخرطوم - المنشية تقاطع كبري المنشية,www.kmmining.com,مدير عام شركة فريدم,122517527,ممثل شركة فريدم,911025805,,129
519,emtiaz,,HADEEL For DEVELOPED POROJECT CO.LTD,HADEEL For DEVELOPED POROJECT CO.LTD,1,الخرطوم - الخرطوم شمال,,ياسر الصديق بابكر محمد,183000000,محمد الصديق أحمد,0912118084 -0123775777,hadeelcompany2025@gmail.com,129
433,emtiaz,,HUSSIEN MADAWI BARAKA & SONS COMPANY LIMITED,HUSSIEN MADAWI BARAKA & SONS COMPANY LIMITED,1,"الخرطوم العمارات شارع 15 -جوار البنك الزراعي – مبنى صندوق التامين الاجتماعي
بورتسودان السوق الكبير - جوار مياه الصقر.",http://hassein@sudanmail.net,محمد حسين مضوي,9118888880 - 091124071,عادل عثمان - عمر عثمان,0126661271 -123030005,hmbgold2@gmail.com,2
541,emtiaz,,INTERNET TRADING & TRANSPORT INTERNATIONAL CO.LTD,INTERNET TRADING & TRANSPORT INTERNATIONAL CO.LTD,1,الخرط ابراج النيلين شارع كاتالينا منزل رقم 88,http://wagdi@ico.com,الامين محمد عبدالرحمن,909009457,اسعد عثمان اسحاق,0912363370,info@iittco.com,129
568,emtiaz,,JOINT STOCK COMPANY ZARUBEZHGEOLOGIA,JOINT STOCK COMPANY ZARUBEZHGEOLOGIA,10,"69 novochermushkinskinskaya street,moscow,russian federation",,mr.alexey desyatkin,,mr.alexey desyatkin,,,129
542,emtiaz,,JWEELS FOR MINING,JWEELS FOR MINING,1,الخرطوم - شارع جابر ابو العز منزل رقم 24,wailaa55@gmail.com,وائل فيصل عبدالله احمد,912356688,علي حامد الكاشف عمر,928828882,,129
526,emtiaz,,KALDOFAN FOR MINING CO.LTD,KALDOFAN FOR MINING CO.LTD,26,الخرطوم - المنشية تقاطع كبري المنشية,http://www.kmmining.com,مرتضى محمد عابدين,122517527,محمد النور الحاج,911025805 - 0124541837,Info@kaldofan.com,129
418,emtiaz,,KAMBAL INTERNATIONAL CO.,KAMBAL INTERNATIONAL CO.,1,الخرطوم – شارع علي عبد اللطيف-برج الفيحاء -بناية رقم 10- شقة رقم 8,http://kico2005@maktoob.com,محمد صلاح كمبال,183779337,نزار عبدالرحمن,183779337,,2
515,emtiaz,,KHADAMAAT ALTADEEN FOR INTEGRATED SOLUTIONS CO.LTD,KHADAMAAT ALTADEEN FOR INTEGRATED SOLUTIONS CO.LTD,1,الخرطوم العمارات - شارع 51 - برج الهدى,Waleedeitayeb26@gmail .com,ادم تاج الدين سلمان,912153719,عبدالمنعم محي الدين ماهل,122835777,,129
514,emtiaz,,KHADAMAAT ALTADEEN FOR INTEGRATED SOLUTIONS CO.LTD,KHADAMAAT ALTADEEN FOR INTEGRATED SOLUTIONS CO.LTD,1,الخرطوم العمارات - شارع 51 - برج الهدى,Waleedeitayeb26@gmail .com,ادم تاج الدين سلمان,912153718,عبدالمنعم محي الدين ماهل,122835776,,129
513,emtiaz,,KHADAMAAT ALTADEEN FOR INTEGRATED SOLUTIONS CO.LTD,KHADAMAAT ALTADEEN FOR INTEGRATED SOLUTIONS CO.LTD,1,الخرطوم العمارات - شارع 51 - برج الهدى,Waleedeitayeb26@gmail .com,ادم تاج الدين سلمان,912153717,عبدالمنعم محي الدين ماهل,122835775,,129
546,emtiaz,,KHALDOFAN FOR MINING CO.LTD,KHALDOFAN FOR MINING CO.LTD,26,الخرطوم - المنشية تقاطع كبري المنشية,www.kmmining.com,مرتضى محمد عابدين,122517527,محمد النور الحاج,911025805,,129
545,emtiaz,,KHALID ALFAKI AHMED RAHMA MINING ENTERPRISES,KHALID ALFAKI AHMED RAHMA MINING ENTERPRISES,1,سوق امدرمان - عمارة اولاد شندي مبنى رقم 4,,خالد الفكي احمد رحمة,912301511,سارة محمد ابراهيم,904433994,awlad.shendi@gmail.com,129
432,emtiaz,,KUSH FOR EXPLORATION & PRODUCTION CO.LTD,KUSH FOR EXPLORATION & PRODUCTION CO.LTD,10,"الخرطوم-قادرن سيتي - شمال مجموعة معاوية البرير
بورتسودان -ترانزيت جنوب",http://e.alexandrov@gmail.com,evgeny alexandrov,183777939,لؤي فتحي - مهند فتحي,0912318244 - 0912392887,ahmed.siddig@alliance-kush.com,142
539,emtiaz,,LBTY STEEL CO.LTD SUDAN,LBTY STEEL CO.LTD SUDAN,1,الخرطوم - الخرطوم جنوب,libtysteel.com,مدير عام لبتي ستيل,187000111,ممثل لبتي استيل,187000111,,129
1874,emtiaz,RS12-N1,MABROUKA PETROLEUM CO.LTD,MABROUKA PETROLEUM CO.LTD,1,Khartoum- Al marat-victory Towers,,عمر عوض خضر محي الدين,0912306731,عبدالله عبدالمنعم -عبدالرؤوف عثمان محمد,0912306731 - 0910819494,mabroukapet@aol.com,129
543,emtiaz,,MAGDACO FOR MINING,MAGDACO FOR MINING,1,الخرطوم - الخرطوم شمال,magdacomining.com,مدير عام مجداكو ,183222444,ممثل مجداكو,183222444,Magdaco123@hotmail.com,129
419,emtiaz,,MALDEIF MINING CO.LTD,MALDEIF MINING CO.LTD,1,بحري شمبات - مربع 22 منزل 44 - الطابق الرابع,,عبدالحفيظ مالك عبدالرؤوف,9121956656,معتصم الحاج التوم,915334713,maldeifmining2017@gmail.com,142
436,emtiaz,,MANAHOLDING CO.LTD,MANAHOLDING CO.LTD,"2,13",الخرطوم-الجريف غرب- ش الستين- مقابل وزارة الأوقاف-مبنى رقم 158-الطابق الأرضي-شقة رقم2,http://abarro@managem-ore.com,li mengwen,907597777,chen youdong,963333366,limw@norinmining.com,2
1867,emtiaz,RS05-A,M & A OIL TRANDING & SERVICES CO.LTDLDVYK,M & A OIL TRANDING & SERVICES CO.LTD,1,الخرطوم - المنشية -شارع الدوحة  -مربع 25 -منزل رقم 404,http://ahmed.yousif.a@hotmail.com,ميرغني وجدي ميرغني محجوب,0912770748,مؤمن محمد عبدالله,0912770748,ahmed.yousif.a@hotmail.com,129
510,emtiaz,,MTA COMPANY.LTD,MTA COMPANY.LTD,9,الخرطوم - الرياض مربع 18 - مبنى فرح الطابق الثالث,info@mtasudan.com,ramazan ramzi,183527285,ramazan ramzi,183527285,Yunus.badam@mtaic.gov.tr,129
509,emtiaz,,MTA COMPANY.LTD,MTA COMPANY.LTD,9,الخرطوم - الرياض مربع 18 - مبنى فرح الطابق الثالث,info@mtasudan.com,ramazan ramzi,183527285,ramazan ramzi,183527285,Yunus.badam@mtaic.gov.tr,129
561,emtiaz,,MUSLIH NASSAR INTERNATIONAL FOR MINING & SERVICES,MUSLIH NASSAR INTERNATIONAL FOR MINING & SERVICES,1,الخرطوم - الخرطوم شمال,mnsarmining.com,مصلح نصار,183225588,مصلح نصار,183225588,,129
538,emtiaz,,MUZUN FOR MINING CO.LTD,MUZUN FOR MINING CO.LTD,1,الخرطوم - الجريف غرب - مربع 23 - منزل رقم 404,http://www.exicogroup.com,احمد يوسف احمد,912307997,مؤمن محمد عبدالله محمد,0912770748,momennmoamed@gmail.com,129
458,emtiaz,,OAM   للتعدين المحدودة,OAM   للتعدين المحدودة,1,الخرطوم – ابراج النصر – مبنى رقم 42D -الطابق الثاني,vishnuoswal@gmail.com,vishnuoswal,185000000,vishnuoswal,185000000,,129
477,emtiaz,,OKO MINING INVESTMENTS CO.LTD,OKO MINING INVESTMENTS CO.LTD,1,"الخرطوم قاردن سيتي مربع 73
بورتسودان - حي الاغاريق جوار مبي أطلنطك للإسيراد والتصدير",http://www.dalgroup.com,د. محمد ابوفاطمة,912317032,احمد فيصل/ خالد فخر الدين أدريس,967898750 -0900498518,khalid.fakhraldein@dalgroup.com,130
564,emtiaz,,OPAL MINING CO.LTD,OPAL MINING CO.LTD,1,الخرطوم المقرن مربع 3 مبنى رقم 41,www.shakikqconsulant.com,احمد عبد الحميد الشقيق,912354809,عادل نصر علي محمد,113033986,,129
565,emtiaz,,ORC MULTI PURPOSE CO.LTD,ORC MULTI PURPOSE CO.LTD,1,الخرطوم اركويت مربع 59 مبنى 27,saddigamara12@gmail.com,صديق محمد علي عمارة ,9123004422,الضو الصديق االضو,912395220,,129
556,emtiaz,,OSTORIA FOR ADVANCED BUSINESS CO.LTD,OSTORIA FOR ADVANCED BUSINESS CO.LTD,1,الخرطزم - الطائف شارع النخيل - منزل رقم 7,http://info@ostorian.com,بشير موسي محمد الطيب,0112021117,خالد أحمد عبدالمجيد,201123591995,ostorian3@gmail.com,129
552,emtiaz,,PAN AFRICAN RESOURCES MINERALS CO.LTD,PAN AFRICAN RESOURCES MINERALS CO.LTD,28,بورتسودان - السوق حي الاغاريق عمارة كير,http://www.Panafrican.com,احمد المصطفى,123440083,عمر بان افريكا,123910068,info@paf-sd.com,129
551,emtiaz,,PAN AFRICAN RESOURCES MINERALS CO.LTD,PAN AFRICAN RESOURCES MINERALS CO.LTD,28,بورتسودان - السوق حي الاغاريق عمارة كير,www.Panafrican.com,احمد المصطفى ,123440082,عمر بان افريكا,123910067,info@pan.co.za,129
550,emtiaz,,PAN AFRICAN RESOURCES MINERALS CO.LTD,PAN AFRICAN RESOURCES MINERALS CO.LTD,28,بورتسودان - السوق حي الاغاريق عمارة كير,www.Panafrican.com,احمد المصطفى ,123440081,عمر بان افريكا,123910066,info@pan.co.za,129
549,emtiaz,,PAN AFRICAN RESOURCES MINERALS CO.LTD,PAN AFRICAN RESOURCES MINERALS CO.LTD,28,بورتسودان - السوق حي الاغاريق عمارة كير,www.Panafrican.com,احمد المصطفى ,123440080,عمر بان افريكا,123910065,info@pan.co.za,129
548,emtiaz,,PAN AFRICAN RESOURCES MINERALS CO.LTD,PAN AFRICAN RESOURCES MINERALS CO.LTD,28,بورتسودان - السوق حي الاغاريق عمارة كير,www.Panafrican.com,احمد المصطفى ,123440079,عمر بان افريكا,123910064,info@pan.co.za,129
571,emtiaz,,PETRONEEDS SERVICES INTERNATIONAL CO.LTD,PETRONEEDS SERVICES INTERNATIONAL CO.LTD,1,altaif-alnakheel street-blockحي المطار مربع 4 - جوار السفارة الايرانية.,,ياسر علي محمد صالح,09123332960,mohned zakaria ali ahmed,0912815232 - 0123949226,petroneeds134@gmail.com,129
462,emtiaz,,QMSD MINING CO.LTD,QMSD MINING CO.LTD,4,الخرطوم –شارع أفريقيا -تقاطع عفراء -عمارة بنك ابوظبي الاسلامي -الطابق الاول,http://malshahwani@qatarmining.com,حمد راشد العذبه,97455872255,علي أوكير,911296629,halathbah@qatarmining.com,2
422,emtiaz,,QMSD MINING CO.LTD,QMSD MINING CO.LTD,4,الخرطوم - شارع عبيد ختم –شمال سكر كنانة – غرب السفارة الأدرنية سابقاً,http://malshahwani@qatarmining.com,حمد راشد العذبه,97455872255,علي أوكير,911296629,,2
528,emtiaz,,SHANDONG WEIHAI FOUNDATION ENGINEERING CO.LTD,SHANDONG WEIHAI FOUNDATION ENGINEERING CO.LTD,13,الخرطوم المنشية - شارع الدوحة منزل رقم 364,sdpisgw@163.com,bi ming guang,901954313,sun gong wei,906970789,,129
516,emtiaz,,SHUN XIANG ALALAMEYA TRADING AND INVESTMENT CO.LTD,SHUN XIANG ALALAMEYA TRADING AND INVESTMENT CO.LTD,1,الخرطوم - اركويت البلابل مبنى رقم 54 - منزل رقم 344,http://azza@shunshiangmining.com,عزة حامد عيسى فضل,122014913,احمد حامد عيسى فضل,997221222,wangfangazza@gmail.com,129
435,emtiaz,,SOFT JATHASU FOR INVESTMENT CO.LTD,SOFT JATHASU FOR INVESTMENT CO.LTD,"1,42",الخرطوم –الجريف غرب-شارع الستين - مربع 21- مبنى رقم 183- جوار البشائر للأساس,http://Omeryassin27@hotmail.com,الرشيد عمر محمد يس,912321231,ايمن عثمان الامين,912830005,Softjathasugeneraltrading@gmail.com,2
553,emtiaz,,SUDABO TRADING AND INVESTMENT CO.LTD,SUDABO TRADING AND INVESTMENT CO.LTD,1,الخرطوم - الخرطوم شمال,http://karoomkaroom@yahoo.com,عبدالله محمد عثمان,912300375,حيدر علي عبدالله - محمد عبداللطيف,122095755 - 0961062117,karoom@sudabu.com,129
529,emtiaz,,SUDAMATIC TRADING CO.LTD,SUDAMATIC TRADING CO.LTD,1,الخرطوم - شارع الستين - مربع 2,http://www.sudamatic.com,لؤي عبد الغفور محمد داوؤد,912397543,خالد داوؤد,912736000,hassangeo7@gmail.com,129
531,emtiaz,,SUDAMIN COMPANY LIMITED,SUDAMIN COMPANY LIMITED,1,الخرطوم - المنشية -شارع الكبري,www.sudamin.com,كمال حسن الحاج رحمة,912300914,محمد كمال سيد احمد,123006868,,129
413,emtiaz,,Sudasam Mining for copper and Lead CO.Ltd,Sudasam Mining for copper and Lead CO.Ltd,1,الخرطوم - أركويت – شارع البلابل- مربع 56- مبني 153,http://mo.sallawi@gmail.com,محمد عبدالرحمن السلاوي,912301957,محمد عبدالرحمن السلاوي,912301957 - 0123001957,mo.sallawi@gmail.com,129
1925,emtiaz,(56H - (RS-7B8,THIRTY FIVE MADEN YATIRIMLARI ANONIM SIRKETI,THIRTY FIVE MADEN YATIRIMLARI ANONIM SIRKETI,1,بورتسودان - شارع المطار - مربع 1 -منزل رقم 335,,إسامة محمد عبدالرحيم,0912313342 -0123002159,إسامة محمد عبدالرحيم,0912313342 -0123002159,osamoh77@yahoo.com,129
525,emtiaz,,WANBAO SAHARA MINING CO.LTD,WANBAO SAHARA MINING CO.LTD,13,الخرطوم - امتداد البراري منزل رقم 264,http://www.wbmining.com,li mengwen,907597782,chen youdong,963333371,,129
524,emtiaz,,WANBAO SAHARA MINING CO.LTD,WANBAO SAHARA MINING CO.LTD,13,الخرطوم - امتداد البراري منزل رقم 264,http://www.wbmining.com,li mengwen,907597781,chen youdong,963333370,chenp@norinmining.com,129
523,emtiaz,,WANBAO SAHARA MINING CO.LTD,WANBAO SAHARA MINING CO.LTD,13,الخرطوم - امتداد البراري منزل رقم 264,http://www.wbmining.com,li mengwen,907597780,chen youdong,963333369,,129
522,emtiaz,,WANBAO SAHARA MINING CO.LTD,WANBAO SAHARA MINING CO.LTD,13,الخرطوم - امتداد البراري منزل رقم 264,http://www.wbmining.com,li mengwen,907597779,chen youdong,963333368,,129
521,emtiaz,,WANBAO SAHARA MINING CO.LTD,WANBAO SAHARA MINING CO.LTD,13,الخرطوم - امتداد البراري منزل رقم 264,www.wbmining.com,li mengwen,907597778,chen youdong,963333367,,129
520,emtiaz,,WANBAO SAHARA MINING CO.LTD,WANBAO SAHARA MINING CO.LTD,13,الخرطوم - امتداد البراري منزل رقم 264,http://www.wbmining.com,li mengwen,907597777,chen youdong,963333366,,129
560,emtiaz,,WD ALGAMALY MULTI ACTIVITIES CO.LTD,WD ALGAMALY MULTI ACTIVITIES CO.LTD,1,الخرطوم بري قاردن سيتي منزل رقم 66 برج الحجاز,www.Wdalgamalymining.com,عثمان حسين حجازي ,183000000,محمد النور الحاج,911025805,,129
518,emtiaz,,YAMANI FOR DEVELOPMENT CO.LTD,YAMANI FOR DEVELOPMENT CO.LTD,1,الخرطوم - الخرطوم 2 شارع كاترينا - المبنى رقم 8,salah.hm@hotmail.com,صلاح الدين حسن علي,912154988,حسن بابكر ابراهيم سعيد,116815947,,129
426,emtiaz,,ZAT EL EMAT Industry CO.LTD,ZAT EL EMAT Industry CO.LTD,1,الخرطوم  شارع  الاسبتالية  - غرب كلية الصيدلة - جوار المستوصف التركي,http://zatalemed@hotmail.com,عماد سليمان محمد علي,912356562,عثمان محمد محمود علي,912359486,hrmza2019@outlook.com,2
448,emtiaz,,آيات لخدمات حقول البترول المحدودة,آيات لخدمات حقول البترول المحدودة,1,الخرطوم – العمارات – تقاطع شارع محمد نجيب مع شارع 35 – مبنى 17,,علي الزين علي,0110489498 - 0902983012,علي الزين علي,0110489498 - 0902983012,,142
306,mokhalfat,72,أبو حنيفة للنقل و التجارة المحدودة,Abu Hanifa for Transport and Trading Ltd.,1,ام درمان - السوق الشعبي  - غرب بنك فيصل الإسلامي,,احمد عبد الله احمد,(+249)-917578775,معاوية عبد الواحد علي - حبيب أدم أبراهيم,915086045 - 0912346408 - 0924808888,shrktabwhnyfhllnqlwaltjartalmh@gmail.com,125
1850,entaj,,أتش ام بي قولد المحدودة,HMB Gold Limited,1,بورتسودان السوق الكبير,http://hmbaraka.net,محمد حسين مضوي,0123030005,عادل عثمان,0123030005,hmbhorizon@gmail.com,1
1639,sageer,,أثير للتعدين,ATHEER MINING,1,,,عفيفي عوض خضر محي الدين,00249912306731,ايناس كمال عبدالرحمن,00249110922476,,138
1503,sageer,,أحمد الطيب,Ahmed Altayeb,1,,,-,-,-,-,ahmedaltib856@gmail.com,1
62,entaj,,أدرمو للتعدين المحدودة,ADIRMO MINING COMPANY,1,بورتسودان - حي المطار مربع 3,,محمد صلاح كمبال عثمان,912150695,نزار عبد الرحمن,129013030,Mohamedkambal87@gmail.com,2
1504,sageer,,أدلهف للتعدين,ADALHF GOLD MINING PROJECT,1,,,خليفة علي محمد علي,0113464141,خالد حاج احمد خالد,0912380643,adlhafpro@gmail.com,7
380,mokhalfat,,أدهم للتعدين,Adham for mining,1,الدمازين حى المطار,,حذيفة عبدالله ابراهيم,912326600,حذيفة عبدالله ابراهيم - ميساء,912326600 - 0115889102 - 0122866741,aladham25mining@gmail.com,1
1821,mokhalfat,,أرزاق لأعمال التعدين,ARZAQ FOR MINING ACTIVITIES,1,الولاية الشمالية - محلية وادي حلفا,,محجوب محمد طاهر,249123000049,محجوب محمد طاهر,249123000049,,125
480,emtiaz,,أرياب للتعدين,أرياب للتعدين,1,"الخرطوم - شارع البلدية
بورتسودان - ترانزيت",http://www.Ariammining.com,نصر الدين الحسين,912393491,دايتك علي دايتك - سلمي عيسي حسن,912143626 - 0909019679,,142
48,entaj,,أرياب للتعدين المحدودة,ARIAB MINING COMPANY,1,"الخرطوم – شارع البلدية جنوب المحكمة الدستورية
بورتسودان - ترانزيت",http://www.ariabmining.com,نصر الدين الحسين,912393491,عبد المنعم بلال - سلمي عيسي حسن,+249 9 12317046 - 0909019679,Info@ariabmining.com,1
308,mokhalfat,,أس ام تي للمشاريع المتطورة المحدودة,SMT for Advanced Projects Ltd,1,الخرطوم غرب - عمارة الصافات - مبنى رقم (7) - الطابق الاول - مكتب رقم (63) - مربع (7د),,ايمن صالح,(+249)-123626106,ايمن صالح,(+249)-123626106,info@smtadvs.com,124
1505,sageer,,أسمنت عطبرة المحدودة,atbara for cemente,1,الخرطوم بحري المنطقة الصناعية,,احسان عبد الجبار مهدي,9125311113,اسماعيل حسن - أبراهيم الطيب,111946632 - 0912692686,info@atbcem.com,1
1829,mokhalfat,,أعمال أبو طعم للتعدين,Abu Taam Mining,1,,,الطيب إدريس حمد,0918467011,أحمد صلاح نور الدائم,0123720772 - 0993140141,abootaam@outlook.com,2
589,mokhalfat,,أعمال الحاج محمد أحمد للتعدين,,1,,,,,,,,132
1942,mokhalfat,276,أعمال الحارث للتعدين ( المؤسسة التعاونية للشرطة ),ALHARIS ROR MINING,1,بورتسودان- شرطة الشرطة,,حسين أبراهيم مصطفي,(+249)-123006911,محمد السراج على,(+249)-123312999,,1
1991,mokhalfat,310,أعمال العفاية للتعدين ومعالجة الكرته,ALAFAIA MINING ORE PROCESING TAILING,1,الخرطوم - العمارات - شارع 15- جوار فندق كانون,,يوسف محمد احمد كيكل,(+249)-0912431731,عسجدامين السيد نور,(+249)- 0115854077,alafaiamining@gmail.com,125
1965,mokhalfat,294,أعمال الكليم للتعدين (شركة الميراء للتجارة والاستثمار المحدودة),alkaleem for mining,1,الخرطوم 2 شارع ابراهيم احمد,http://www.olmusoq.com,احمد المصطفى محمد موسى,(+249)-999900436- (+249)-912300660,موسى الكليم محمد موسى,(+249)-999900436- (+249)-912300660,mera006609@yahoo.com,125
1856,emtiaz,RS-5H - NS-17H,أعمال المجموعة الدولية للتعدين,Global Group Enterprises for Mining,1,الخرطوم - شارع البلدية - تقاطع المك نمر,,نصر الدين محمد عبدالله عمران,0918377939,ابو زيد حمد عيسي شقرواب,0918877715,ggem.mining@gmail.com,129
1643,sageer,,أعمال المعز إبراهيم اتيم للتعدين,Almoiz Ibrahim Ateam for Mining,1,,,سيف الدولة حسن رحمة,00249912318537,الصادق صديق العجب,0120397236-0917948888,almoizmining16@gmail.com,138
302,mokhalfat,,أعمال الناير للتعدين,Al Nayer for Mining,1,الخرطوم - المغتربين - عقار رقم (30) منزل رقم (286),,علي بلة حامد,(+249)-912300593,ايوب بلة حامد - محمد جار النبي أحمد,-912369337 - 0912581532 - 0126517115,nairforminingwastetreatment@gmail.com,1
1740,sageer,,أعمال الوسيم للتعدين,AL WASEEM FOR MINING,1,,,الزين ابراهيم نصر,0123430655,ميرغني الاحيمر سعيد,0129265483,elwasimformining@gmail.com,138
347,mokhalfat,,أعمال بان قلف للتعدين,Pangulf mining,1,عطبرة,http://www.hplus-sd.com,نور الله محمد زين,(+249)-912317353- 0121401744,حسن بكرى,912439262,pangulf07@gmail.com,1
1910,mokhalfat,257,أعمال بشائر ابوكريم للتعدين,Bashair Abo krieem work,1,البحر الاحمر - سوق الانصارى,,ابوكريم صالح نافع عواضة,0912419794,ابوكريم صالح نافع عواضة,0912419794,,125
1830,mokhalfat,,أعمال تبن للتعدين,Teben for Mining,1,,,عبدالسلام تبن سعيد عبدالرحيم,0915683195,عبدالسلام تبن سعيد عبدالرحيم,0915683195,tbniitdyn2@gmail.com,1
253,mokhalfat,,أعمال ذكرى للتعدين,Zikra for Artisanal Mining Tailings,1,الخرطوم بحري – شارع الانقاذ مبني رقم (6) مربع (3),,عبد الله عثمان عدلان,249123004427+ -012300427,خالد عثمان عبد الله,249912990117+,Gasimfactory@gmail.com,1
259,mokhalfat,,أعمال سآوى لمعالجة مخلفات التعدين التقليدي,Sawi for the Treatment of Artisanal Mining Tailings,1,أبراج المعادن,,قاسم حماد,(+249)-912322099,0,000,,124
1645,sageer,,أعمال سندس للتعدين,Sondos Mining Business,1,,,-,+,-,+,,138
1646,sageer,,أعمال سيد أحمد عوض للتعدين,SID AHMED AWAD FOR GOLD MINING,1,الولاية الشمالية - مروي,,عبدالعظيم عوض سيداحمد,249123777877+,محمد بخيت محمد,249127882267+,sidahmed22@gmail.com,138
1957,mokhalfat,288,أعمال شبيلو للتعدين,SHIBELLO MINING ENTERPRISES,1,الخرطوم - الطائف مربع 53 - عقار رقم 106,,عارف ميرغنى عبد الرحمن طه,(+249)-922626269- 0123080800,نهى القيناوى,(+249)-964877606,,125
1647,sageer,,أعمال شرف الدين حسين,SHARRELDEIN HUSSEN GODAT ADAM  MININIG  ENTERRPRISES,1,,,شرف الدين حسين جودات,0024919585222,عبدالعظيم على ادم,0918079598,,138
1507,sageer,,أعمال صلاح عبدالله للتعدين(تلك),SALAH ABDALLA FOR MINING,1,,,,,,,,2
590,mokhalfat,,أعمال علي فضل السيد للتعدين,,1,,,,,,,,132
386,mokhalfat,,أعمال عمر عثمان للتعدين,عمر بجا للتعدين,1,بورتسودان,,الخليفة الكامل الخليفة,0903331200 - 0112553200,ابو عاقلة عوض ابو عاقلة -ابراهيم جعفر محمد,912317030 - 0900444216,Khliefaalkamel@gmail.com,1
1981,mokhalfat,305,أعمال منجم ال جامع للتعدين (القردود ),AAL JAMI MIMNING MINE,1,بورتسودان - حى   السوق - عمارة عبده ربه,,علي أبكر عبد الرحمن جامع,(+249)-912445809,عبد الباسط على ابكر عبد الرحمن,(+249)-912318723,,125
1934,mokhalfat,273,أعمال ميراف للتعدين,Meraf For Mining Business,1,الخرطوم شرق - اركويت مربع 58 - حى الفردوس - قطعة رقم 544,,الجيلى البشير محمد على,0912375175,محمد عمر خضر +لجيلى البشير محمد على,0912270339,merafmining@hotmil.com,125
1656,sageer,,أعمال نبنتود للتعدين,NAPTOUD FOR MINING,1,,,الزين أبراهيم نصر,0123430655,ميرغني الأحمير سعيد محمود,0129265483,napintoudminingenterprises@gmail.com,138
594,mokhalfat,,أعمال نوش للتعدين (غرب كردفان),,1,,,,,,,,132
1585,sageer,,أعمال هنجارة للتعدين,HANJARA FOR MINING,1,,,محمد عبدالحميد سليمان علي,249912118084+,محمد عبد الحميد,0122300444,moalmomn@gmail.com,7
304,mokhalfat,,أعمال ود الخير للتعدين,Wad al-Khair for Mining Business,1,الخرطوم - بري - حي الشاطئ - برج الرويال - الطابق الرابع - شقة 406,,محمد أحمد محمد الخير,0912303833,سعيد احمد محمد - مهند زكريا علي,912303833(249+) - 0912815232,info@wadalkhairmining.com,1
1658,sageer,,أعمال ود العاسبيدو للتعدين,Wad Al Asabido Mining Works,1,,,محمد احمد محمد عبد القادر ادم,0965364966,عمر عبد الرحمن علي الحاج,0918119033,wadalasbido@gmail.com,138
485,emtiaz,,أم القرى للتعدين,أم القرى للتعدين,1,الخرطوم 3 – شارع بيويو كوان - تقاطع شارع 55 - مبنى رقم 3,http://gold@umalgura.com,صادق حاج علي,185000000,حسن حاج علي,185000000,umalguraamining@gmil.com,2
44,entaj,,أمدرمان للتعدين المحدودة,UMDURMAN Mining  Co. Ltd,1,"الخرطوم بحري – شمبات مربع 22
بورتسودان - السكة حديد - عمارة فيروز - مربع رقم 4 - الطابق الثاني شقة رقم 1",http://www.ridagroup.com,محمد عمر عبد السلام,249912307523,محمد الوسيلة,249913252727,mohamed.hassan@ridagroup.com,1
1662,sageer,,أمروس للتعدين,AMROSS MINING,1,بورتسودان - عمارة بنك فيصل.,,ماهر عوض يس ضياء الدين,00249112110122,ماهر عوض يس,00249112110122,aanddunited0@gmail.com,138
1661,sageer,,أم ضفيرة,OM DAFIRA,1,,,أبراهيم العبيد عبدالله بشير,0912315823,الطيب التجاني علي,0919700121,omdaferamining@gmail.com,138
252,mokhalfat,,أم عوادة لخدمات الذهب التقليدي,Um Awada for Traditional Gold Service,1,الخرطوم - مجمع النصر السكني (D30) - شقة رقم (1),,ميرغني محمد الخليفة,(+249)-912306809,احمد السنوسي محمد,(+249)-111689333,umawada@gmail.com,1
1663,sageer,,أو أم بي للتعدين,O.M.P Mining,1,الخرطوم- كافوري,,محمد حسن محمد احمد,00249912303883,خضر عادل خليفة ابراهيم,00249966000601,m.hassanixir@gmail.com,138
496,emtiaz,,أوبال كواريز,أوبال كواريز,1,الخرطوم- تقاطع شارع افريقيا مع شارع 61– مبني رقم 19,info@opalquarries.com,علي محمد عمر,185000000,علي محمد عمر,185000000,,129
51,entaj,,أورشاب لتعدين الذهب المحدودة,Orshab Gold Mining Co.ltd,11,"الخرطوم بحري – المغتربين – مربع 4 – شارع الإنقاذ جنوب مدارس اسمارت
بورتسودان - ديم مدينة شرق مربع 10 العقار رقم 15.",,رمزي سلامة,249912319442,محمد عبدالمجيد ابراهيم,0912488721 -0117253232,sally.abdullah@orshab.com,1
1879,mokhalfat,610,أولاد جقير للأنشطة المحددة المحدودة,أولاد جقير للأنشطة المحددة المحدودة,1,,,محمد صالح إسماعيل,0123272315 - 0912691465,محمد صالح إسماعيل,0912691465 - 0123272315,mhedis1465@gmail.com,1
1889,mokhalfat,248,أولاد عثمان للتعدين المحدودة,Awlad Othman Mining Limited,1,,,حسن عثمان حسن,0912388918 - 0912109093,وليد عكاشة محمد,0123762576 - 0123570885,waleedokasha2005@gmail.com,125
1666,sageer,,أولياء للتعدين,OWLYA FOR MINING,1,,,عفيفي عوض خضر محي الدين,00249912306731,ايناس كمال عبدالرحمن,00249110922476,afifidamas@gmail.com,138
55,entaj,,أوهاف للتعدين المحدودة,Ohaf for Mining Co.Ltd,1,"الخرطوم – العمارات – تقاطع شارع 33 مع محمد نجيب
بورتسودان -حي المطار - مربع 20",,حمد جمعة محمد,912305130,محمد عثمان,249120036215,ohafmining@gmail.com,2
1900,mokhalfat,252,إبراهيم حسن للتعدين,Ibrahim Hassan Mining,1,,,إبراهيم حسن عثمان عبدالله,09107085528,أحمد علي أحمد - محمد الحسن عثمان,0123316366 - 0910708552 - 0900000906,miningibrahim390@gmail.com,125
1835,mokhalfat,,إبراهيم محمد ساتي للأنشطة المتعددة,Ibrahim Mohammed Sati for Multi-Activities,1,الولاية الشمالية - محلية الدبة - غرب كلية الهندسة جامعة دنقلا,,إبراهيم محمد ساتي,0919309191,محمد البصري الفكي,0915140808,Ibrahimsatti870@gmail.com,2
61,entaj,,إرم ذات للذهب المحدودة,ERM ZAT FOR GOLD,1,بورتسودان - حي الاغاريق - برج شيكان الطابق الرابع شقة رقم 2,,عثمان محمد محمود,990150063,0,0,osmanmahmoud1968@gmail.com,2
1890,mokhalfat,249,إس أي إيه للإستثمار المحدودة,S I A Investment Limited,1,,,محمد الخضر بكري,0912749978 - 0912308423,محمد الخضر بكري,0912749978 - 0912308423,siainvestment99@gmail.com,1
248,mokhalfat,,إس إم إية اقرو انفستمنت المحدودة,SMA Agro Investment Ltd,1,الخرطوم بحري مربع 16 - جنوب سوبر ماركت الإحسان,,علاء الدين صلاح الدين,(+249)-912332244,عمار عثمان علي صالح,(+249)-117479593,info@sma-agro.com,124
359,mokhalfat,,إسفير للتعدين المحدودة,Esphir mining company LT,1,بورتسودان السوق الكبير - جوار كمبوني,,محمد عدلان,912301802,محمد معتصم الطاهر - عباس صالح محمد,0912377458 - 0912455099,esphirmining@gmail.com,1
592,mokhalfat,,إسكاي موتور للتجارة و الإستثمار المحدودة,00,1,,,محي الدين أدم جمعة,0912382086,محمد عمر خضر,0912270339,skymotorinvestment1000@gmail.com,125
1885,mokhalfat,,إسكاي موتور للتجارة و الإستثمار المحدودة 00,إسكاي موتور للتجارة و الإستثمار المحدودة 00,1,,,محي الدين ادم جمعة,0123056566 - 0912730006,محي الدين ادم جمعة,0123056566 - 0912730006,skymotorinvestment@gmail.com,125
249,mokhalfat,,إكسير للتعدين,Elixir for mining,1,الخرطوم بحري - شارع الإنقاذ - شارع كسلا,,احمد عبد السلام عثمان,(+249)-912391149,مجتبي محمد حمزة - مؤمن محمد حمزة,0912399562 - 0912766090,ahmeda.m.r.ocompany@gmail.com,1
1915,mokhalfat,262,إكسير للتعدين ( حجر معدنيين ),Exeer,1,الخرطوم بحري - شارع الإنقاذ - شارع كسلا,,احمد عبد السلام,0912391149,محمد الفاتح على يحي,0911366893,,1
1460,sageer,,ابا المصطفى الكيمائية,"Aba Al , Mustafa Chemical",1,,,عثمان حفني عبدالرازق صالح,0916505850,عثمان حفني عبدالرازق,0616505850,aba.almustafa.chemical@gmail.com,1
1499,sageer,,ابا المصطفى للاسمنت,Aba Al Mustafa Cement,1,,,0,0,0,0,abaalmostfa@gmail.com,124
1461,sageer,,ابراهيم ابوحسنين وشركائه,Ibrahim Abu Hassanein and his partners,1,,,,,,,,1
1883,sageer,,ابو اتراب لاعمال التعدين,ABOATRAB,1,,,السماني عيسى موسي,0910501283,السماني عيسى موسي,0910501283,mohamedahmedwadalzain499@gmail.com,138
1462,sageer,,ابو حنفي العالمية للتعدين,Abu Hanafi International Mining,1,,,أبراهيم علي الفكي,0996834105,محمود أدريس محمد عثمان,0912607513 - 01020010182,abohanafy8890@gmail.com,1
1500,sageer,,ابورشيرش للتعدين,ABU RESHARISH FOR MINING,1,,,محمد النور محمد جمعة,0123021776,شوقي عثمان السيد,0127003333,aborisharishcompany@gmail.com,2
260,mokhalfat,,ابورقية للتنمية المحدودة (ابوحمد),Abourekia for Development Ltd (Abu Hamad),1,الخرطوم بحري - حي الميرغنية - مربع (1) - عقار رقم (35),,محمد المصطفى خالد عثمان,(+249)-912324007,علاء الدين محمد الحسن,(+249)-123657696,aburugia2@gmail.com,1
609,mokhalfat,,ابوسرة للانشاءاءت المحدودة,,1,,,,,,,,125
1463,sageer,,ابوسنينة للتعدين,ABOSININA FOR MININIG,1,,,عبدالحليم البشير محمد جبريل,0912304441,محمد الهادي علي محمد أحمد,0912132258,abusininamining@gmail.com,7
269,mokhalfat,138,ابولميس للتعدين,Abulmis for Mining,1,الخرطوم - شارع الستين - برج ترحال - الطابق الثاني - شقة 1,,موسي علي موسي,(+249)-912379685,محمد خير عبد الكريم,(+249)-912383958,musaali@gmail.com,125
1896,sageer,,ابووئام,aboweeam,1,,,-,-,-,-,,138
1502,sageer,,اتش تي ايه,HTA FOR Gold MININIG,1,,,حيدر محمد محجوب,002499123450290,حيدر,00249912337552,hta.gold.mining@gmail.com,2
604,mokhalfat,,اتلانتا للتعدين,,1,,,,,,,,132
266,mokhalfat,,اتوبان للانشطة المتعددة المحدودة,Autobhn for multi-Activity Ltd,1,الخرطوم - اركويت - مربع 65 - عمارة عثمان الهادي - الطابق الثاني شقة رقم (3),,رمضان حامد محمد,(+249)-912155632,مآب منصور,(+249)-120006581,autobahn6622@gmail.com,125
1574,sageer,,احمد عثمان شعبان,Mullahat  Ahmad Usman,1,,,0,0,0,0,,1
1838,sageer,,اردوان للتعدين,ARADEN,1,,,0,0,0,0,,138
278,mokhalfat,,ازوم للأنشطة المتعددة المحدودة,Azum for Multi-Activity Ltd,1,الخرطوم - الطائف مربع (22) - جنوب سكر كنانة  - مبنى رقم (717),,معاذ يوسف محمد,(+249)-912334587,رامي عثمان,(+249)-900995555,azoom202021@gmail.com,125
1672,sageer,,اسوت للتعدين  المحدودة,Assout for mininig co.ltd,1,,,عبدالرحمن محمد ابراهيم,00249918034284,السمؤال علي ابوبكر,00249913997414,assoutmining@outlook.com,1
1831,sageer,,اعمال ابوالقاسم ابراهيم للتعدين,-,1,,,.,.,.,.,,138
1840,sageer,19/2025,اعمال اركماني للتعدين,Arkmany W for mining,1,,,صابر محمد فضل المولي,0912116003 -0118707975,طلال مصطفي دنيا,0901048513 -0116314827,Yaadmry1@gmail.com,138
1464,sageer,,اعمال الابنوس للتعدين,Enterprises for mining,1,,,عائد عبدالقادر  قنوب,0249123006456,اسامة البشير,00249912227772,Oelbashir1988@gmail.com,1
1591,sageer,,اعمال التعدين المتقدمة المحدودة,Advanced Mining Works CO.Ltd,1,,http://info@amw-sudan.com,انور مختار النور,0123320076,محمد كمال الدين نوري,0123191308,miniamw56@gmail.com,1
420,emtiaz,,اعمال التعدين المتقدمة المحدودة,اعمال التعدين المتقدمة المحدودة,1,الخرطوم- شمال غرب كبري المك نمر- جوار حلويات الشامية- الطابق الثاني- شقة رقم 3,http://admico2@hotmail.com,انور مختار,123320076,محمد عثمان,908416109,admico2@hotmail.com,142
337,mokhalfat,,اعمال التعدين المتقدمة المحدودة,Advanced mining works company LTD,1,الخرطوم - بحرى  كافورى ابراج المجموعة الدفاعية,,مصطفى محمد احمد,0123570840,عمر عثمان موسى,0123191331,adamico@hotmail.com,1
1825,sageer,,اعمال التهامي والرشيدي للتعدين,0,1,,,0,0,0,0,,138
1837,sageer,,اعمال المجموعة الدولية للتعدين,GLOBAL GROUP ENTERPRISES FOR MINING,1,,,عادل  عبداللطيف سرالختم,0912355390,ابوزيد حمد عيسي,0918877715,ggem.ss.mining@gmail.com,138
340,mokhalfat,,اعمال المجموعة الدولية للتعدين,the implementation of the international group,1,عطبرة شارع كسلا,,عادل عبداللطيف سر الختم-,0912355390,ابوزيد حمد عيسى,91887771,globalgroup201@gmail.com,1
1466,sageer,,اعمال بابكر عباس للتعدين,BABEKER ABAS FOR MINING,1,,,بابكر عباس مصطفي,201009911280,خالد زكريا خالد,0916348900,baminingcompany@gmail.com,1
1467,sageer,,اعمال باعشر للتعدين,BAASHER MINING ENTERPRISE,1,بورتسودان - عمارة باعشر,,محمد عبدالهادي باعشر,(91) 653-6353,محمد عبدالهادي باعشر,(91) 653-6353,mbaasher@hotmail.com,2
1468,sageer,,اعمال باكتوتة للتعدين,Baktota mining,1,الخرطوم- الجريف ق- ش. القذافي-,,رحمة الله بابكلر عطا المنان الحاج,0912200496 - 0016337325,محمد عوض ابراهيم,0123932867 - 09122232867,baktota.mining@gmail.com,1
1595,sageer,,اعمال برعي,BURAI ENRERPRISES FOR MININIG,1,ابوحمد -سوق الطواحين,,برعي حسن أسماعيل,(24911) 276-7373,حسان موسى عبده -محمد أبراهيم محمد,(24991) 711-2338 -0128166544,buraimine@gmail.com,138
1596,sageer,,اعمال جريوة للتعدين,Griwa Mining Works,1,,,-,-,-,-,,124
1824,sageer,,اعمال حسام الدين عبدالكريم,HOSSAM ABDELKAREEM FOR MINING,1,,,حسام عبد الكريم الحسن,0123027864 _/ 0912342665,محمد يوسف,0123000663,hossamabdalkaremformining@gmail.com,138
1924,mokhalfat,266,اعمال دلو للتعدين,Dalo for mining,1,الخرطوم - يثرب - مربع 9 منرل رقم 30,,الهادى ابكر عبد الله عثمان,0111152020,الهادى ابكر عبد الله عثمان,0907330302,karpinatoyo@gmail.com,125
1470,sageer,,اعمال رمال للتعدين,RIMAL FOR MINING,1,,,محمد جلال الدين حامد عمر,0966041113 -  0121228049,محمد جلال الدين حامد عمر,0966041113 -  0121228049,mohamed.jalal21@gmail.com,7
1997,mokhalfat,315,اعمال عمر بجا لمعالجة مخلفات التعدين(شركة عمر بجا للتعدين المحدودة),omer baja for mining waste treatment,1,بورتسودان حى سوق جوار فندق بوهين,,عمر عثمان محمد احمد,(+249)-912964067-0123092447,عمر عثمان محمد احمد,(+249)-912964067-0123092447,,125
1899,sageer,,اعمال كانديس للتعدين,KANDIS FOR MINI,1,,,-,-,-,-,,138
1855,sageer,,اعمال ود الخير للتعدين,wad alkhair,1,,,-,-,-,-,,138
378,mokhalfat,59,الأبنوس لمعالجة مخلفات التعدين (الأبنوس للاستيراد و التصدير ),( ELABANOUS FOR PROCESSING MINING WASTE ( AL abnous  import & export,1,بوريسودان- السوق عمارة موسى الطابق الاول,,الجيلى حسين طه,0912367004-0920000096,طارق حاج حمد,912367004,elabanousmining@gmail.com,1
297,mokhalfat,,الأنفال للتعدين المحدودة,Al Anfal for Mining Ltd.,1,ام درمان - المنطقة الصانعية مربع 5/1 عقار رقم (1744),,الشفيع علي يوسف,(+249)-912236865,الجيلي حسن محمد,0911594005,supergaily10@gmail.com,124
1935,emtiaz,RS-13 A1,الإتحاد العالمي للتعدين,WORLD UNION MINING COMPANY,1,بورتسودان - حي المطار - مربع 6- عقار رقم 17,,يوسف عبدالرحيم أحمد محمد,0900090088 -0912302254,يوسف عبدالرحيم أحمد محمد,0900090088 -0912302254,,129
1601,sageer,,الإخلاص للاعمال المتقدمة المحدودة,AL EKHLAS FOR ADVANCED WORKS LTD,1,,,-,+,-,+,,138
595,mokhalfat,,الإعتماد للصناعات الحديدية المحدودة (أبو جبيهة),,1,,,,,,,,132
298,mokhalfat,,الإعتماد للصناعات الحديدية المحدودة - (القعب),Al Etemad for Steel Industries Limited - (Al-Qa'ab),1,دنقلا- المجلس التشريعي   -   الخرطوم - بري - قشارع المعرض - أبراج الأمراء,,شوقي حسن أحمد أسماعيل,0912327006,بدرالدين احمد عبدالله الطيب,0114131611,operationaswarinfo@gmail.com,1
1823,sageer,,الابنوس للاستيراد والتصدير,A.F.E.T.,1,,,طارق حاج حمد محمد,0912367004,محمد طه حبيب الله - سلمي مبارك سيد أحمد,0912128828 - 0912916858,alabnous1@gmail.com,138
390,mokhalfat,77,الاجلال العالمية المحدودة,EGLAL INTERNATIONAL LTD,1,ام درمان - المنطقة الصناعية - مصنع الصفا,,مصعب عباس عبد الرحمن,0901589458- 0912134901,لمياء احمد مضوى احمد,0912119138,aliglalminingltd@gmail.com,125
1472,sageer,,الارا للتعدين,ALARA FOR MINING,1,,,,,,,,124
1473,sageer,,الاشقر للتعدين,Al Ashqar For Mining,1,,,خالد عبداللطيف مختار,0912225173,الفاتح أحمد عبدالوهاب,0124450382,,124
468,emtiaz,,البجراوية للتعدين,البجراوية للتعدين,1,الخرطوم 2 – جنوب حديقة القرشي – الخرطوم  شرق - مربع 2/A  شارع 28,,عثمان الشيخ مصطفى الامين,185000000 -0912345428,عثمان الشيخ مصطفى الامين,185000000,albagrawiya@Yahoo.com,129
63,entaj,,البدري للتعدين القابضة المحدودة,ALBADRI MINING HOLDING,1,عطبرة - حي المطار مربع 4- جنوب غرب إستوب بركة,,محمد البدري,912308420,خالد علي,917737171,aliosmanalbadri@gmail.com,2
505,emtiaz,,البدري للطاقة المحدودة,البدري للطاقة المحدودة,1,الخرطوم – المنشية – شارع 28,http://www.albadripower.com,محمد عثمان البدري,123003000,خالد علي,998777717,info@albadripower.com,2
1474,sageer,,البرق الساطع التجارية المحدودة,ALBARIG ALSATTY FOR TREDMENT LTD,1,,,,,,,,1
1606,sageer,,التريان للتعدين,ALTRIAN ءMINING,1,الخرطوم -المنطقة الصناعية,,يس عبدالقادر الامين علي,00249912941397,يس عبدالقادر الامين علي,00249912941397,alteryanmining.co@gmail.com,138
1475,sageer,,التعاضد للتعدين,Al-Taadod mininig,1,بورتسودان-عمارة بنك فيصل- ط 3,,السر محمد احمد,(91) 230-7506,محمد السر محمد,(91) 230-1300,altaadodmining@gmail.com,2
596,mokhalfat,,التواصل للتجارة والإستثمار المحدودة,,1,,,,,,,,132
579,mokhalfat,,الجبالي للحلول المتكاملة المحدودة,Al-jabali Integrated Solution Ltd,1,0,,الشريف بابكر الشريف,0123000325,رغدة كمال صالح أسماعيل,0100988033,aljibalijisco@gmail.com,2
1607,sageer,,الجكوب للتعدين,El Jacob  Mining PROJECT,1,,,خليفة علي محمد,0912303621,خاالد حاج أحمد/ هاشم احمد محمد,0912380643 - 0912415985,eljakob10@yahoo.com,2
251,mokhalfat,,الجكوب للتعدين,Jakob for Mining,1,الخرطوم بحري - الميرغنية - مربع (1) - منزل رقم (26),,خليفة علي محمد,249912303621+,خالد حاج احمد,249912380643+,eljakobmining@gmail.com,1
598,mokhalfat,,الجنيد للأنشطة المتعددة المحدودة (ج كردفان),,1,,,,,,,,132
403,mokhalfat,,الجنيد للأنشطة المتعددة (سنقو),,1,,,,,,,,17
1918,sageer,,الحائط الذهبي للتعدين,ALHAIT ALZHABY,1,,,-,-,-,-,,138
490,emtiaz,,الحامدين للتعدين,الحامدين للتعدين,1,الخرطوم- - شارع مأمون بحيري – شقق النصر مبنى رقم ( AO),,محمد عبدالله عمر,185000000 -0912304488,معز محمد عبدالله,0912988822,saadalhmdeen@gmail.com,129
242,mokhalfat,,الحامدين للتعدين,Al Hamdeen for Mining,1,الخرطوم بحري,,محمد عبد الله عمر عبدالسلام,(+249)-912304488,معز محمد علي,(+249)-912988822,fouzgm@gmail.com,1
450,emtiaz,,الحضارات القديمة للاستثمار المحدودة,الحضارات القديمة للاستثمار المحدودة,1,الخرطوم – شارع الصحافة زلط – (شارع كترينا)– مقابل صينية بدر,ancientcivililmining.com,عبدالقادر محمد زين,185000000,عبدالقادر محمد زين,185000000,,129
1986,sageer,,الحوش,ALHOOSH,1,,,-,-,-,-,,125
1612,sageer,,الدار للخدمات والإستثمار,DAR FOR MINIHG AND INVESTMENT SERVICES,1,,,احمد هاشم احمد دفع الله,0123008602 -0900000668,طارق ميرغني احمد,0912395994,info@darmining.com,125
1469,sageer,,الدرة للتعدين,ALDORA FOR MINING,1,0,,محمد سيد,0912200557,مدحت سيد جعفر,0912191808,aldueraforminig@gmail.com,125
501,emtiaz,,الدغيثر للإستثمار والتعدين المحدودة,الدغيثر للإستثمار والتعدين المحدودة,1,الخرطوم بحري- الصافية – مربع 1 – منزل 25,http://aldegathermining.com,عبدالله الصادق محمد,121600400,مهند الياس,0915596399,rs22mining@gmail.com,2
492,emtiaz,,الدوحة للإستثمار المحدودة,الدوحة للإستثمار المحدودة,4,الخرطوم -العمارات -شارع 3,http://Mohmed_seed56@hotmail.com,الشيخ فهد حمد عبد العزيز حمد آل ثاني,97450844000,الشيخ فهد حمد عبد العزيز حمد آل ثاني,97450844000,mohamedgeology@hotmail.com,129
586,mokhalfat,,الراتق للتعدين,ALratig for mining,1,بورتسودان,,محمد عدلان,0912301802,خالد عوض السيد,0914625500-0912258122,alratig24mining@gmail.com,1
1614,sageer,,الرفعة للتعدين,AL Refaa for Mining,1,الخرطوم السوقالعربي,,مبارك ادم احمد سعيد,249121845333-249912233985,محمد عبدالقادر  الحاج,(24991) 267-2881,alrefaformining@gmail.com,138
1851,sageer,,الرواج للتجارة المحدودة,AL RWAJ,1,,,-,-,-,-,,138
283,mokhalfat,,الزيداب العالمية المحدودة,Zaidab International Ltd,1,,,خالد عمر الشيخ,,,,,125
1881,mokhalfat,611,الستوت للتعدين,الستوت للتعدين,1,,,كمال سيد أحمد محمد,0912308277,عمر سيد محمد سيد أحمد,0912300487 - 0123889969,,125
1478,sageer,,السجن - بورسودان,Prison - Port Sudan,1,,,,,,,,1
1479,sageer,,السجن - سواكن,Prison - Suakin,1,,,,,,,,124
597,mokhalfat,,السنط للتعدين المحدودة,alsont for mining,1,الخرطوم بحرى الاملاك,,محمد عثمان حمزة احمد,0,محمد عثمان حمزة احمد,0,,132
489,emtiaz,,السنط للتعدين المحدودة,السنط للتعدين المحدودة,1,الخرطوم – الرياض ش 117 -مربع 19-جنوب غرب مسجد الراشدين وشرق شركة الهدف,omran2914@gmail.com,مدير عام السنط للتعدين,185000000,مدير عام السنط للتعدين,185000000,omran2911@gmail.com,129
1893,emtiaz,,السوباط للطاقة المحدودة,ELSOOBAT ENERGY CO.LTD,1,بورتسودان - ترانسيت - جامعة بورتسودان الاهلية - مبني رقم 71.,,الفاتح أحمد الطاهر محمد,0910230434 - 0912783737,الفاتح أحمد الطاهر محمد,0910230434 - 0912783737,,129
1844,sageer,,السوباط للطاقة المحدودة,Al sobat,1,-,,هشام حسن محمد,0123075083,ميساء مصطفى,0918963234,contact@elsoobatgroup.com,138
1481,sageer,,السودان لتنمية المعادن(الشهيد),Sudan Mineral Development (Al-Shaheed),1,,,-,-,-,-,alsudanialltnmiaa@gmail.com,1
416,emtiaz,,السودانية الأسترالية للتجارة والإستثمار المحدودة (SATICO),السودانية الأسترالية للتجارة والإستثمار المحدودة (SATICO),1,كافوري مربع 11 –جوار نادي وزارة الخارجية- مبنى رقم 78,http://watersatico@yahoo.com,منصور عثمان محمد,912348541 - 0100096207,ابو الحسن محمد,911223161,ghazalihamad@yahoo.com,129
421,emtiaz,,السودانية للتقانة  (SMT),السودانية للتقانة  (SMT),1,الخرطوم بحري كافوري,WWW.SMTMINING.COM,جعفر عبدالرحمن احمد,123320076,عبدالمنعم محمد بابكر,908416109,admico2@hotmail.com,130
244,mokhalfat,,الشاطئ للتعدين المحدودة,Al Shatti for Mining Limited,1,الخرطوم - بحري - شارع كسلا - جوار شركة بنترا (عطبرة حي المطار),,وائل احمد محمد,(+249)-91239253,مدثر يوسف أبراهيم,0900004177,alshatimining@yahoo.com,1
1618,sageer,3/2025,الشركة السودانية اليابانية للتعدين والتنمية المتكاملة المحدودة,SUDANESE JAPANESE FOR MINING & INTEGRATED DEVELOPMENT CO LTD,"1,42",شارع المشتل شمال بيتزا هت  الرياض مربع 11مبني 16/19,http://abdokhidir@hotmail.com,عبدالله خضر عبدالرحيم,00249915110000,اسيل حسين مكي عبدالقادر,00249915110000,abdokhidir.s.s@sjmidinvest.com,7
1619,sageer,,الشمقمق للتعدين والإستثمار المحدودة,AL SHAMAGMAG MINING &INVESTMENT CO. LTD,1,,,مالك احمد محمد صالح,0120001740 - 0912367845,مجاهد ادم محمد احمد,0120001746 - 0912194169,abdelellah.elhassan@gmail.com,138
1482,sageer,,الشيخ مصطفى الشيخ,ELSHEIKH MUSTAFA ELSHEIKH MUSTAFA,1,بورتسودان - عمارة بنك فيصل القديمة -مكتب الطابق 5,,عثمان حفني عبدالرازق صالح,0916505850,عثمان حفني عبدالرازق,0916505850,gyp_aba_limited@outlook.com,1
582,mokhalfat,,الصحاري القابضة للتجارة و التعدين و الخدمات العامة المحدودة,AL sahari holding for trade &general servies,1,بورتسودان - حى المطار,,يعقوب اركورى محمد,0912381878,احمد,0114449139,ALSAHARI414AM@gmail.com,125
1936,emtiaz,RS A 10,الصحاري القابضة للتجارة والخدمات العامة,AL SAHARI HOLDING FOR TRADE GENERAL SERVICE,1,بورتسودان -حي المطار مربع 20 - عقار رقم 204,,يعقوب أركوري محمد أحمد,0918219741 - 0114449139,يعقوب أركوري محمد أحمد,0918219741 - 0114449139,,129
1483,sageer,,الصندوق القومى للمعاشات (التكامل),AL -TAKAMOL cement LTD.,1,,http://www.altakmolcement.com,احمد حسين محمد ضرار,912155744,الشريف عمر محمد,187009700,eomer@altakamolcement.com,1
245,mokhalfat,,الصولج للتعدين المحدودة,AlSolg for Mining Ltd,1,الخرطوم - أركويت  - المعمورة شرق تقاطع جوبا مع تقاطع عبيد ختم - مربع 63,,رحمة الله عبد الدائم,(+249)-912493090,فيصل محمد عبد الله,,alsolang.mining.co.@gmail.com,124
1484,sageer,,الضيغم العالمية للتجارة والخدمات,ALDIGAM INTERNATINL FOR TREDING SERVICES,1,,,,,,,,124
1485,sageer,,العطايا القارية للتنمية المحدودة,ALATAYA FOR MININIG,"1,12",,,-,-,عماد,912305653,,7
348,mokhalfat,,العنود للتعدين,العنود للتعدين,1,,,حاتم عثمان بابكر,0912148685 - 00201010066674,محمد خليفة أبوزيد,0912148685 - 00201010066674,alanoudmining@aol.om,1
506,emtiaz,,الغالي للتعدين المحدودة,الغالي للتعدين المحدودة,1,الخرطوم - بري اللاماب جوار برج الإتصالات,alghalimining.com,عماد عبدالمطلب عبداللطيف,912305653,عبدون عبدالمطلب عبداللطيف,912399237,,129
1624,sageer,,الفخامة العربية المحدودة,Alfakham Alerababi Co. Ltd,1,عطبرة -عمارة البحار شقة4,,الشريف محمد احمد سيد جابر,(91) 256-3379,محمد الصادق علي جماع,(91) 875-1324,drso76@yahoo.com,138
285,mokhalfat,,الفدرالية للأعمال المتقدمة المحدودة,AlFederal for Advanced Business Ltd,1,الخرطوم - المجاهدين - جنوب ابراج المعادن - عقار رقم 51,,عيسى عثمان محمد,,محمد فضل الله,(+249)-912189480,,125
1833,sageer,,الفرقان للتعدين,AL-FORGAN FOR MININ,1,,,عبدالرحيم عبدالمجيد  غلام الله محمد,00249911223289- 00249128275174 - 00249912373224,وليد ادم محمد موسى,00249912137545,alfirgansudan@gmail.com,138
300,mokhalfat,,الفطيم للأعمال المتقدمة المحدودة,Al-Futtaim for Advanced Business Ltd,1,الخرطوم - الطائف مربع (23) - فيلا رقم (29),,محمد يحيي عثمان محمد,0123837470 - 0912314062,محمد عبد المنعم,249910000051+,alfuttaim-mining@outlook.com,7
1626,sageer,,القواسمة للتعدين,ALGWASMA FPR MINING,1,,,الطيب فضل المولي,00249912931962,الطيب فضل المولي,00249912931962,,1
255,mokhalfat,,القويسي للتعدين,Al-Qwesi for Mining,1,الخرطوم بحري - كافوري مربع (9) - شرق مجمع النور عقار رقم 981 (محلية ابوحمد),http://www.akadabi.com,الطيب محمد العكدابي,(+249)-912303621,سيف الدين عبد الحليم,(+249)-912905620,elgewisifactory@gmail.com,1
1937,emtiaz,(RS-5K ) -(RS-5G),الكتلة الذهبية للتعدين المحدودة,AL KOTALA   ALZAHABIA MINING CO.LTD,1,الخرطوم - الرياض مربع 21 -شرق بنك الخرطوم,,عصام أبراهيم المنا علي,0123544459 - 0123200068,عصام أبراهيم المنا علي,0123544459 - 0123200068,golgenmass02@gmail.com,129
1975,sageer,,الكرامة الطبية للاستثمار المحدودة,ALKRAMA,1,,,-,-,-,-,,138
1486,sageer,,الكيش للتعدين,ALKEESH FOR MININIG,1,,,,,,,,124
314,mokhalfat,,المؤسسة التعاونية ام أيه و شركة أم أيه جنرال سيرفس المحدودة,M.A. Co-operative Organisation and M.A. General Service Ltd,1,الخرطوم بحري - شارع الإنقاذ - عقار رقم (1),,لواء/زاهر حسن,,زين العابدين آدم,(+249)-912331424,eatzaz25@gmail.com,125
247,mokhalfat,,المبرأة للتعدين والاستثمار المحدودة,Al Mabraa for Mining & Investment Ltd,1,اركويت مربع 67 - مبني رقم 51,,رضا محمد علي,(+249)-12309118,اشرف مبارك,(+249)-912222155,aldooa.org@hotmail.com,124
465,emtiaz,,المتحدة للتعدين المحدودة (يو إم سي),المتحدة للتعدين المحدودة (يو إم سي),1,بورتسودان - حي المطار,,معتصم أحمد صالح,0115592703,عبد المحمود أسماعيل المتعافي,012996696,almutfaal@gmail.com,130
1487,sageer,,المرسال للتعدين,Mursal for mining,1,سودانية,,محمد احمد عبده,0912120518,حسن عثمان,094188547,mohamedabdu86@gmail.com,7
238,mokhalfat,,المسار العالمية للخدمات والتعدين المحدودة,Al Masar for Services & Mining Ltd,1,الخرطوم - بحري - المنطقة الصناعية  - غرب الصفوة للسيارات,,حسن عبد القادر,(+249)-912476164,عبد الماجد ادريس,(+249)-912126409,almassarmining@gmail.com,7
1993,mokhalfat,312 معالجة مسبقا,المسار العالمية للخدمات والتعدين المحدودة (بربر),ALMASAR INTERNATIONAL SERVISES MINING CO LTD,1,الخرطوم - بحري - المنطقة الصناعية  - غرب الصفوة للسيارات,,حسن عبد القادر,(+249)-912476164,علي ادريس,(+249)-901149005,,1
1892,emtiaz,,المقرن للبترول المحدودة,ALMOGRAN PETROLUM CO.LTD,1,بورتسودان - ترانسيت -  شرق جامعة البحر الأحمر الاهلية - مبني 71.,,الفاتح أحمد الطاهر محمد,0910230434 - 0912783737,الفاتح أحمد الطاهر محمد,0910230434 - 0912783737,,129
1898,mokhalfat,251,المناجم للتعدين و الحلول المتكاملة المحدودة,ALMANAGIM MINING & INTERGRATED SOLUTIONS CO. LTD,1,,,يوسف الضو أحمد,0910045888,يوسف الضو أحمد - هيثم حسين الطيب عبودة,0910045888 - 0912305567,almanagimmining@gmail.com,125
311,mokhalfat,,المنظور البعيد للأنشطة المتعددة المحدودة,Almnzor Albaid for limited multiple activities,1,,,عبد المنعم أبراهيم علي جمعة,0911704112 -0129163169,ميرغني علي عثمان علي,0918307430 - 0129823902,almanzoralbaeedmulipleactiviti@gmail.com,2
1489,sageer,,النابتة الهندسية,ALNABITA,1,,,,,,,,124
1490,sageer,,النجدين اوفر سيز المحدودة,"Najdeen Overseas, Ltd.",1,,,,,,,,124
1491,sageer,,النجم للتعدين,ALNAGIM FOR MININIG,1,,,طلال الهادي محجوب,0120501379,بسمات عبدالباقي عبدالله,0123875563,talal.elhadi666@gmail.com,1
464,emtiaz,,النحلة للبترول المحدودة,النحلة للبترول المحدودة,1,الخرطوم - العمارات – شارع 61 – طلمبة النحلة,info@beegroub.net,يوسف جمال الدين عثمان,1434704780,حسن يوسف,1434704780,,129
493,emtiaz,,النحلة للتنمية والإسكان المحدودة,النحلة للتنمية والإسكان المحدودة,1,الخرطوم - العمارات – شارع 61 – طلمبة النحلة,http://info@beegroub.net,يوسف جمال الدين عثمان,1434704780,حسن يوسف,0127696404,beedevelopment@gmail.com,129
587,mokhalfat,,النعيم للتعدين,,1,,,,,,,,132
1492,sageer,,النواتي العالمية,ALNWATY,"1,13",,,-,-,-,-,,124
474,emtiaz,,النواتي للتعدين (النواتي لتعدين الذهب والنحاس),النواتي للتعدين (النواتي لتعدين الذهب والنحاس),"1,13",الخرطوم – الجريف غرب -شارع الستين – مربع- 78 -عقار رقم 59,,sun  gun bo,912373232,د.تاي الله بله محمد حسين,0912373232,alnawate.mining@gmail.com,142
50,entaj,,النواتي للذهب والنحاس المحدودة,ALNAWATE FOR GOLD AND COPPER CO.LTD,1,الخرطوم – المنشية – جنوب السفارة الصينية,,تاي الله بله محمد,249912373232,عمر الهادي أحمد خليفة,0912223881 - 0123622881,nwaty4031@gmail.com,1
444,emtiaz,,الهاجري للأعمال المتقدمة المحدودة,الهاجري للأعمال المتقدمة المحدودة,18,الخرطوم –شارع المك نمر – جوار السفارة النيجيرية  - الطابق الأول - شقة رقم 4,http://alhajrymining.com,خالد عثمان الحاج عمر,122091765,خالد عثمان الحاج عمر,122091765,c.alhajry.a.m.77@hotmail.com,129
294,mokhalfat,33,الهصور للتعدين - (الخناق),Al Hussour for Mining - (Alkhank),1,الخرطوم بحري - شارع الإنقاذ - الصافية غرب - بالقرب من مصنع الشروق للصابون,,معتصم الحاج التوم,249123092093+,مأمون حسن شلبي,249912176444+,alhsourkanag@gmail.com,1
291,mokhalfat,,الهصور للتعدين - (كدرمة),Al Hussour for Mining - (Kaderma),1,الخرطوم بحري - شارع الإنقاذ - الصافية غرب - بالقرب من مصنع الشروق للصابون,,معتصم الحاج التوم,249123092093+,مأمون حسن شلبي,249912176444+,alhsourkudorma@gmail.com,1
1493,sageer,,الهيئة العامة للابحاث الجيولوجية,GRAS,1,,,,,,,,124
1905,sageer,,الوادي النوبي للتعدين والتجارة والخدمات العامة,AL-Wadi AL-Nubi Company For Mining Trading & GEE GGGENERAL SERVICES,1,,,عزت شمس الدين سعيد,0912342584- 0123732761,فضل فاروق خيري سيداحمد,0912216134 - 0123016134,alnobeealwadi@gmail.com,138
445,emtiaz,,الولاية الشمالية,الولاية الشمالية,1,الولاية الشمالية  - دنقلا- مكتب  وزير التخطيط العمراني,it@alshamaliastate.org.sd,الامانة العامة حكومة  الولاية الشمالية,185000000,الامانة العامة حكومة  الولاية الشمالية,185000000,,129
49,entaj,,اليانس للتعدين المحدودة,Alliance for mining Co.Ltd,10,"الخرطوم – قاردن سيتي مربع 107

بورتسودان - ترانزيت جنوب",,ليدجي باسنغوف,249992242078,محمد أونور - لؤي فتحي,249912188350 - 0912318244,alliance@alliance-kush.com,1
1494,sageer,,اليرموك للخدمات الصناعية المحدودة,AL YARMOOK FOR INDUSTERIAL SERVICESE LTD,1,,,,,,,,124
1635,sageer,,ام اس اى كاى للتعدين,MSIK FOR MINING,1,,,-,+,-,+,,138
1636,sageer,,ام اف زد,M F Z for mining,1,الخرطوم شارع القصر,,مريم عبدالقادر يونس,(92) 819-3997,فاطمة التجاني سالم محمد علي,0117125463/0916972072,mfzmining@gmail.com,138
1496,sageer,,ام بي ار العالمية المحدودة,MBR INTERNATIONAL LTD,1,,,,,,,,124
321,mokhalfat,,ام ضرابة للإستثمار و النقل المحدودة,Um Daraba for Investment & Transport Ltd,1,الخرطوم - الجريف غرب- الحارة الاولى - عقار رقم (38 ج),,وضاح صالح,(+249)-912300300,وضاح صالح,(+249)-912300300,sati@wedansd.com,125
345,mokhalfat,,انترنت العالمية للتجارة والترحيل,Internet international trade & transport co,1,الخرطوم,,حسين سيد قطان,912202896,اسعد عثمان أسحاق,0912363370,assad@iittco.com,1
1945,sageer,,اندجان للتعدين,andejan,1,,,-,-,-,-,,140
1836,sageer,,اوبال الخليج للانشطة المتعددة,Awbal ALkhaleeg,1,,,0,0,0,0,,138
487,emtiaz,,اي آد تيكنولوجي المحدودة,اي آد تيكنولوجي المحدودة,1,الخرطوم – شرق شارع المك نمر مربع 6,e-ado3@hotmail.com,مدير عام اياد تكنولوجي,185000000,ممثل اباد تكنولوجي,185000000,,129
428,emtiaz,,ايربوس للهندسة والتجارة المحدودة,ايربوس للهندسة والتجارة المحدودة,1,الخرطوم 3 - جنوب نادي الأسرة,http://nibrastranss@gmail.com,يوسف يحي أتيم - الامين حسن الأمين,912177380 -0119780044,عبدالرحيم صالح عبدالرحيم,918379929,Airbus09123@gmail.com,130
1848,sageer,,ايه اند دي المتحدة المحدودة,A and D   United Co LTD,1,بورتسودان -حي الاقاريق-مبنى بنك النيل,,يس ابراهيم محمد,00249999516396,ماهر عوض يس ضياء الدين,00249112110122,adunited.info@gmail.com,138
1882,mokhalfat,612,ايون شيلد المحدودة,ايون شيلد المحدودة,1,,,مؤيد أحمد مصطفى,0990050310 - 0100861947,تاج السر السرور - محمد الفاتح - علي إسماعيل - عبدالرحمن مختار,0918129998 - 0100924924 - 0908215948 - 0915958015,ionshield883@gmail.com,125
1827,mokhalfat,,بان تك,Pan Tech,1,,,علي يوسف علي,0123883030,علي يوسف علي,0123883030,Alipantik28@gmail.com,125
46,entaj,,بان سودان ريسورسز للتعدين المحدودة,Pan Sudan Resources Mining Company Limited,1,عطبرة - الموردة -جنوب مسجد الميناء البري,http://psrmining.com,الطالب علي عبد القادر,912508383,علي البدري,249912379085,Bde.manager@psrmining.com,1
1832,sageer,,بانقا للتعدين,BANGA MINING,1,,,بانقا محمد بانقا,0912372279,زرياب عبدالله حمد محمد,0912131667 - 0122159310,banga-mining@hotmail.com,138
1668,sageer,,باى تك للتعدين والمحاجر,Bay Tech For Mining & Quarries,1,,,-,-,-,-,,124
276,mokhalfat,,بتروفيلد للتعدين المحدودة,Petrofield for Mining Ltd,1,الخرطوم - الطائف مربع (22) - جنوب سكر كنانة  - مبنى رقم (717),,محمد عبدالمنعم عيسي,0915555551,محمد يحيي,0123837470 - 0912314062,petrofiled@gmail.com,125
1894,sageer,,بتروهاوس للتجارة والاستثمار المحدودة,petrohouse,1,,,-,-,-,-,,138
387,mokhalfat,,بتنوس انترناشونال سيرفس المحدودة,بتنوس انترناشونال سيرفس المحدودة,1,الخرطوم المنشية جوار السفارة الصينية,,محمد عوض السيد احمد,912328516,محمد عوض احمد,123191300,mudather@btanus-sudan.com,125
1508,sageer,,بدوى عبد الله محمد,Badawi Abdullah Mohammed,1,,,,,,,,1
1877,mokhalfat,608,بر الوالدين المتميزة للأنشطة المتعددة المحدودة,Birr Al-Walidayn almutamaiza for Multi-Activities Co. Ltd,1,جنوب كردفان - الليرى - منجم الوادى - غرب سوق منجم المطار,,عبدالحكيم مأمور موسى مادبو,0912323408,ملاذ عادل,0964674629,madibomustafa09@gmail.com,125
301,mokhalfat,,برخيا للأعمال المتقدمة المحدودة,Brkheya for Advanced Business Ltd,1,أم درمان - المنطقة الصناعية - عقار رقم (2086) - مربع 2/5,,عبد الرحيم بشير عبد الرحيم,249912422023+,محمد نوري مصطفى,249912906831+,brkheya.co.ltd@gmail.com,1
1895,sageer,,بركات بلادي,barakat blady,1,,,معن الحسن الطيب زين العابدين,0912373417- 0123091679,شادي محمد الجاك,0912632902 - 0911335617,barakatbiladi@gmail.com,138
440,emtiaz,,بركان للصناعات المعدنية المحدودة,بركان للصناعات المعدنية المحدودة,1,الخرطوم –أركويت شارع البلابل –مربع 65,http://Mo.sallawi@gmail.com,محمد عبدالرحمن السلاوي,912301957,محمد عبدالرحمن السلاوي,912301957,,129
1902,mokhalfat,254,بست قولد للتعدين و الأنشطة المتعددة المحدودة,Best Gold Mining and Multi-Activities Limited,1,,,لؤي عنتر سري ابراهيم,0918011701,محمد عبدالغفار حسن,0124381399 - 0922527501,bestgoldsd@gmail.com,125
1738,emtiaz,RNS51-A,بشائر للطاقة المحدودة,BASHAER ENERGY C0.LTD,1,بورتسودان - جنوب ترانزيت,,هشام تاج السر ابراهيم طه,0120012524,محمد فضل المولي عبدالله,0960313332,mining@bashare.sd,129
1509,sageer,,بعتر زقو للتعدين,BATER ZAGGO FOR MINING,1,,,الطهر إبراهيم دهب,0912119247,وليد عباس  عبدالجبار,0912403228,alnagma.mining.co@gmail.com,124
497,emtiaz,,بلوتو للأنشطة المتعددة المحدودة (بلوتو للتعدين- إسم عمل),بلوتو للأنشطة المتعددة المحدودة (بلوتو للتعدين- إسم عمل),1,الخرطوم – شارع علي عبد اللطيف-برج الفيحاء -بناية رقم 10- شقة رقم 8,plutomining.com,عمار محمد عثمان,912308106,عمار محمد عثمان,912308106,pluto@mining.com,129
1849,sageer,,بنترا تكنولجي المحدودة,BENTRA,1,,,-,-,-,-,,138
1669,sageer,,بنتوس انترناشونال,Bentos International,1,,,-,+,-,+,,138
478,emtiaz,,بولي بيوضة لتعدين الذهب ( حجاجية),بولي بيوضة لتعدين الذهب ( حجاجية),1,الخرطوم- شمال غرب كبري المك نمر- جوار حلويات الشامية- الطابق الثاني- شقة رقم 3,http://admico2@hotmail.com,انور مختار,123320076,محمد عثمان,908416109,polybayudagoldmining@gmail.com,142
240,mokhalfat,,بي إن للتعدين المحدودة,BN for Mining Ltd,1,نهر النيل - العبيدية,,ابوبكر علي حمد,0912394745,عمر الكاروري,0916400401,info@bnmining.com,1
1828,emtiaz,,بي إن للطاقة,BN ENERGY CO.LTD,1,بورتسودان - السواحلي للشقق الفندقية.,,صلاح الدين أحمد فضل,0965838744,وحيد الهادي محمد علي,0903056689,bnenergyltd@gmail.com,129
59,entaj,,بيرث لإنتاج المعادن المحدودة,PERTH METAL PRODUCTION CO.LTD,1,الخرطوم - إمتداد الدرجة الثالثة - شرق محطة 7 - جوار كلية النهضة,,هجو أحمد محمد أحمد,910007750,,,,7
434,emtiaz,,بيوضة الكبرى للإستثمار  والتنمية,بيوضة الكبرى للإستثمار  والتنمية,1,الخرطوم – الجريف  تقاطع اوماك مع الستين -مبني رقم 375 -مجموعة حمدي الاستشارية,,أحمد سالم عباس عبدالهادي,912308597,سامي حمدوبه محجوب,0912538782 - 0117447704,bayuda.26b@outlook.com,129
256,mokhalfat,,تاناش لمعالجة مخلفات التعدين,Tanash for Mining Waste Treatment,1,الخرطوم بحري - كافوري,,طارق سعيد,(+249)-912325833,عمر حافظ,(+249)-912368841,,124
479,emtiaz,,تاهي العالمية للتعدين (دلقو للتعدين),تاهي العالمية للتعدين (دلقو للتعدين),9,الخرطوم بحري-المغتربين –-شارع الإنقاذ مربع 4– غرب الكرين مبنى رقم 32,http://tahemining.com,احمد شاهين,185000000,حسن محمد حسن,185000000,Saif.elnour@delgomining.com,142
1904,mokhalfat,255,تبتيل للتعدين,تبتيل للتعدين,1,,,الطاهر علي الماحي,0912300054,حسن طه مصطفى,0960393260,elmahiosman339@gmail.com,125
1863,sageer,,تعدين ولائي,تعدين ولائي,1,,,-,-,-,-,,1
580,mokhalfat,,تقسيط للتعدين,Taqsit for Mining,1,0,,0,0,0,0,,125
1511,sageer,,تكروف,TKROOF FOR MINING,1,,,غسان محمد صالح,0024912355933,محمد احمد محجوب,00249921469251,ttkroof@gmail.com,2
1512,sageer,,تم شم للتعدين,INTERNATIONAL,1,,,محمد سيد0,0912200557,مدحت سيد جعفر,0912191808,tamshamforminig@gmail.com,125
1513,sageer,,توكيلات باعبود التجاريه,Baabood commercial agencies,1,,,صالح عبود محمد - محمد صالح عبو,0900986250,معاوية أحمد محمد علي,0915960552,btsaport80@hotmail.com,1
317,mokhalfat,,تونجل للتعدين المحدودة (1),Tongil for Mining Ltd (1),1,الخرطوم - المنطقة الصناعية الجديدة - شارع الغابة -جوار هوندا الخبير - غرب مطابع العملة,,د.ياسر بشير حسن,(+249)-913933812,مدثر محمد احمد,(+249)-912360773,tongelminingcompany@gmail.com,125
313,mokhalfat,,تونجل للتعدين المحدودة (2),Tongil for Mining Ltd (2),1,الخرطوم - المنطقة الصناعية الجديدة - شارع الغابة -جوار هوندا الخبير - غرب مطابع العملة,,د.ياسر بشير حسن,(+249)-913933812,مدثر محمد احمد,(+249)-912360773,tongelhalfaminingco@gmail.com,2
1946,sageer,,تونجوك لانجيت,tonjok,1,,,--,-,-,-,,138
481,emtiaz,,تيانجين هواكان,تيانجين هواكان,13,الخرطوم-بري الللاماب –ش محمد شريف- مربع 6 – مبنى 386,http://sudanhuakan@gmail.com,وانق شين جي,915186184,ندى هواكان,912473090,sudanhuakan@gmail.com,142
307,mokhalfat,,ثروة الإستشارية المحدودة,Tharwa Consultancy Limited,1,الخرطوم - الجريف غرب مربع 85 - عقار رقم 1/304 (الخناق),,ناجي عابدين خضر,(+249)-11715336,الواثق عبد الوهاب علي,(+249)-123887278,tharwaconsult@gmail.com,1
1673,sageer,,جراب للأنشطة المتعددة المحدودة,Gorab For Multi Activites Co.Ltd,1,,,احمد محمود محمد شيخ الدين,00249905844443,-محمد يعقوب فضل الله,00249918282726,mohamed82420@gmail.com,138
346,mokhalfat,,جلجال للتعدين,Gilgal works for mining,1,كسلا المرغنية,,هيام عثمان على,912549747,الزبير عبدالله نمر,912951447,glgalmining5656@gmail.com,1
303,mokhalfat,,جمعية نور الهدى التجارية المتعددة الاغراض,Nour Al Huda Multipurpose Commercial Association,1,الخرطوم - المعمورة - مربع (85) - جوار شركة زين,,إبراهيم الحسن محمد,249123900082+,عبد الحفيظ عبد الكريم,249912317101+,nouralhudamining2024@gmail.com,1
250,mokhalfat,,جن موشي خواتو للأعمال المتقدمة المحدودة,Gen Moshi Khwato for Advanced Business Ltd.,1,الخرطوم بحري – الأملاك - مربع (1/2/3) غرب - مبنى رقم (102) - مكتب رقم (2),,بدرالدين شريف محمد الحسن,0912376155,الضو صديق الضو - محمد عثمان خلف الله,(+249)-912689099 - 0912175914,jinmushui25@gmail.com,124
442,emtiaz,,جهينة للتجارة والاستثمار المحدودة,جهينة للتجارة والاستثمار المحدودة,1,الخرطوم 3 – شارع الحرية – مبنى جهينة للإسبيرات -الطابق الأول,,عدلي سيد محمد طاهر,183496963,عدلي سيد محمد طاهر - محمد سيد يعقوب,0117555662 - 0912280161,guhaina1974@gmail.com,2
1514,sageer,,حباب للإستثمار والتطوير العقاري,Habab Investment and Estate Development Company ltd,1,,,عوض الكريم بلة الطيب احمد,0096898063190-0096896913098,عصام الدين مزمل احمد,0115854949 - 0960403040,jak732002@gmail.com,125
45,entaj,,حجاجية لتعدين الذهب المحدودة,HAGAGIA GOLD MINING COMPANY. LTD,1,"الخرطوم - المنشية
بورتسودان - خور كلاب",,عثمان حامد عمر,123110053,عهود  عوض,249123017724,hagagiagoldmining21@gmail.com,1
1515,sageer,,حجازي للحلول المتكاملة,HIGAZZY MULTY ACTIVITES,1,بورتسودان -ديم مدينة غرب,,عثمان حسين حجازي أحمد,0912338137,صفاء صالح عبدالرحمن,0913135066,hijazyco650@gmail.com,125
417,emtiaz,,حكومة ولاية كسلا,حكومة ولاية كسلا,1,الخرطوم- السوق العربي - عمارة الفكي عوض الله - الطابق الثالث (مكتب متابعة ولاية كسلا),amer_oh2000@yahoo.com,امانة حكومة ولاية كسلا,128611030,امانة حكومة ولاية كسلا,128611030,,129
437,emtiaz,,حكومة ولاية نهر النيل و  أركيديا للموارد الأفريقية المحدودة,حكومة ولاية نهر النيل و  أركيديا للموارد الأفريقية المحدودة,1,الخرطوم –الرياض- شارع مستشفي مكة- جنوب مطعم باب حسين.,http://sudan.gov.sd,سارة معتصم,185000000,منصور عبدالرحمن أحمد - صابر احمد الياس,0122142761 - 0921216172 - 0123582363,Emadzey@icloud.com,130
1516,sageer,,خالد شيخ ادريس,Khalid Sheikh Idris,1,,,-,-,-,-,kahalidshik54@gmail.com,1
1897,mokhalfat,250,خروب للأعمال المتقدمة المحدودة (ديو ميدي للتعدين),Kharoub Advanced Works Limited (Dio Medi Mining),1,,,عمر علي محمود محمد عبدالرسول,00,عمر علي محمود محمد عبدالرسول,00,,125
486,emtiaz,,دانفوديو لخدمات البترول المحدودة,دانفوديو لخدمات البترول المحدودة,1,الخرطوم- الكلاكلة - سوق الكلاكلة شمال - مربع 10- مبنى رقم 93,http://oalamin@dps.com,خالد النور عبدالله,0123454491 - 0912596361,خالد النور عبدالله,0123454491 - 0912596361,engkhalidona@hotmail.com,130
1864,mokhalfat,-,دلاس ريسورس للتعدين المحدودة,Dallas Resource Mining Co.ltd,1,بورتسودان - حي المطار مربع (16) - عقار رقم (72) شارع رقم (4),,عبد المنعم إبراهيم محمد,0912418434 - 012308079,منصور عبد الرحمن احمد,0122142761,dalasryswrs@gmail.com,125
1943,mokhalfat,277,دلاس للإنشطة المتعددة المحدودة,DLAAS FOR MULTI ACTIVITES C0.LTD,1,كسلا - عمارة الذهب -مربع 5 - السوق -عقار رقم 151,,محمد ابراهيم محمد الطاهر,0965582091- 0123620548- (+249)-912426395,عبد المنعم ابراهيم محمد الطاهر- حميدان حسين ازيرق,(+249) 0919324969 -- 910867699,dlaas1900@gmail.com,125
42,entaj,,دلقو للتعدين المحدودة,Delgo mining Co. Ltd.,9,"الخرطوم – المجاهدين – الحي الراقي - جنوب صالة القيروان عقار رقم 279
بورتسودان - حي المطار - مربع 1- عقار رقم 169",http://www.delgomining.com,سعيد شاهان,(00)905373043914,حسن عبد الجابر / سيف الدولة جلاب جابر,249912373543 - 0123130087,Delgomining1@gmail.com,1
1517,sageer,,د.محمد ادم عثمان,Khalid Sheikh Idris,1,,,-,-,-,-,,124
292,mokhalfat,,دوسة للأنشطة المتعددة,Dusa Multi-Activity Ltd.,1,الخرطوم - شارع الحرية - عمارة دوسة الطابق الثاني شقة رقم 8,,منصور ادم دوسة,(+249)-912304221,شريف صلاح شريف - حسن محمد احمد,(+249)-912356182 -0912535910,sudandosa@gmail.com,1
41,entaj,,دويشات للتعدين المحدودة,Duweishat Mining Co.ltd,1,الخرطوم- جنوب أوزون – غرب أرميكس مباشرة,,محمد الطيب المهدي,249912330236,عبد الرحمن الدرديري,249912131165,duweishat@goldenarrowsudan.com,1
54,entaj,,دي ام للتعدين المحدودة,DM MININGCO.LTD,12,"الخرطوم – العمارات شارع 7 – مبنى رقم 32
حي المطار مربع 3",http://www.desert-minerals.com,RAFIK ISAHAKYAN,34744003700,محمد رياض - محمد رضوان عثمان,900913531  -0900913642,Dm_mining@outlook.com,1
1951,mokhalfat,حجر معدنببن 282,ديتاسي للإستثمار المحدودة,DETASI FOR INVESTMENT CO.LTD,1,الخرطوم بحري - كافوري م(11) برج فاميلي - مبنى رقم (55) - الطابق الاول - شقة رقم (1),,محمد عمر شونة,(+249)-912393977,احمد محمود صديق,(+249)-12341014,,1
293,mokhalfat,,ديتاسي للإستثمار المحدودة,Detasi for Investments Ltd,1,"الخرطوم بحري - كافوري م(11) برج فاميلي - مبنى رقم (55) - الطابق الاول - شقة رقم (1)
بورتسودان - السوق الكبير - شمال بنك الخرطوم.",,محمد عمر شونة,249912393977+,محمد بابكر فضل الله محمد سعيد,249916161580+ - 0919868615,hse@detasimining.com,1
1901,mokhalfat,253,ديدان مامور للأنشطة المتعددة المحدودة,Didan mamour multi activites co.ltd,1,ولاية جنوب كردفان - تالودى - منطقة التقولة,,دفع الله على ديدان موسى,0912323408 - 0122144257,ملاذ عادل,094674629,madbomusa983@gmail.com,125
469,emtiaz,,ديزل للتعدين,ديزل للتعدين,1,الخرطوم– شارع المطار– مقابل مبنى الجمارك- عمارة المعدات الثقيلة ( GPC ),dieselminig.com,عثمان ديزل,185000000,عثمان ديزل,185000000,,129
57,entaj,,راندكو للتعدين المحدودة,RANDCO MINING CO.LTD,1,الخرطوم - شارع الغابة قرب صك العملة,,سليمان عبد المجيد,912300986,سامي عبد المجيد,912320838,samiasm4@gmail.com,2
236,mokhalfat,,رضا للهندسة والإنشاءات المحدودة,Reda for Engineering and Construction Ltd.,1,الخرطوم - بحري - كافوري - مربع 6,,ثاقب طارق,(+249)-912306334,ثاقب طارق,(+249)-912306334,info@ridagroup.com,124
1888,sageer,,روزيلا للتعدين,Rozila for mining,1,,,عمر باجعفر,00249912300755,عمر,00249912300755,info@rozylamining.com,125
1677,sageer,,روكي كراون قولد ماينغ المحدودة,ROCKY CROWN,"1,44",الخرطوم شارع الستين,,عثمان بابكر محمد,0128811500 - 0915124568,احمد عبدالمطلب محمد,0904171808,rockymining5@gmail.com,138
1962,sageer,,ريبورن باور للتعدين المحدودة,R,1,,,-,-,-,-,,138
1519,sageer,,ريفر نايل للمشاريع,RIVER NILE FOR MINING,1,,,محمد المصطفى خالد,0912324007,صلاح عثمان رحمة,0912497202,osamasalah.sd@gmail.com,2
328,mokhalfat,,زرياب للتنمية المحدودة (وديان للتعدين),Wadian mining,1,الحرطوم _ بحري _ المغتربين,,محمد عثمان عيسى,912399777,فيصل محمد صالح - مهند محمد حمزة,0992954598- 0117980975 - 0119093694,Kawarti89@gmail.com,1
1680,sageer,,زوكا للاستثمار والتنمية,zucca investment and development Co.Ltd,1,الخرطوم شارع الستين,,رضوان دفع الله محمد علي,09124991810-0966638182,الطيب عثمان سليمان بدوي,(90) 123-1595,zuccagraphiteinvest.sd@gmail.com,138
482,emtiaz,,زيتونة للتعدين,زيتونة للتعدين,1,الخرطوم-الرياض مربع 1 – شارع مستشفى مكة – مبنى رقم 9 عمارة آمنة,http://satstradingfzco@gmail.com,احمد سرالختم,121774392,علي محمد علي - حسام محمد بابكر,121774392 - 0925000555,satstradingfzco@gmail.com,129
1854,mokhalfat,,سابفير للذهب و المجوهرات,sapphir for gold & jewels co.lt,1,الولاية الشمالية - دلقو,,رامي صالح,0908888889,رامي صالح,0908888889,sapphireforgold@gmail.com,1
1928,entaj,29,سالم لإنتاج الذهب و المعادن المحدودة,SALIM GOLD & MINERALS PRODUCTION  Co.LTD,1,ولاية نهر النيل / محلية عطبرة,http://salim.inf026@outlook.com,أحمد سالم عباس عبد الهادى,0912308597,عبد العظيم ميرغنى محمد أجمد,0114485530,salim.inf026@outlook.com,142
504,emtiaz,,سانجوب للتعدين,سانجوب للتعدين,1,الخرطوم - فرع البيك رقم 73/ مربع 25,,مصعب بشير,912388334,امجد حيدر,123345718,info.sanjoub@albarajoub.com,129
288,mokhalfat,,ساوى للأنشطة المتعددة المحدودة,Sawa for Multi-Activity Ltd,1,,,قاسم حماد حسن حماد,0912322099,صابر أحمد الياس,0123586354,,125
305,mokhalfat,,سبدو للأنشطة المتعددة المحدودة,Sebdo for Multiple Activities Ltd,1,الخرطوم بحري - كافوري -مربع (4) - عقار رقم (11),,محجوب محمد الطاهر,249123056566+,علي محمد الطاهر,(249123636864+,sabdumining.info@gmail.com,1
1880,mokhalfat,610,سبل السلام للأنشطة المتعددة المحدودة,Sobul Al-Salam for Multi Activities Co. Ltd,1,,,يحيى عبدالله موسى محمد,0912213640 - 0123896438,يوسف حقار -ادم عبدالله موسي,0912355771 - 0915355974,subulalsalam@atomicmail.io,125
1520,sageer,,سبوع للتعدين,SEPO FOR MINING,1,,,,,خالد زياده,912900061,,124
452,emtiaz,,سر الختم أحمد طه و أولاده العالمية للإستثمار,سر الختم أحمد طه و أولاده العالمية للإستثمار,1,الخرطوم بحري- المنطقة الصناعية- شمال جهاز الأمن,http://ssinvestmentlimited@gmail.com,سرالختم أحمد طه,0912347553,مهند أبراهيم كامل,0912326242,Info.satsmining@gmail.com,130
1521,sageer,,سراميك راس الخيمة,R.A.K CERAMICS,1,,,,,,,,124
1876,sageer,,سرمال للاستثمار والانشطة المتعددة المحدودة,THERMAL,1,,,شوقي عوض عريبي,0910263754 - 0126039635,أمجد عريبي علي عريبي,0910923713 - 0123359981,sarmalcompany@gmail.com,138
270,mokhalfat,,سعود البرير للتعدين المحدودة,Saud Al Breer for Mining Ltd,1,الخرطوم - برج البركة - الطابق الثاني - شقة رقم 505,,مهند سعود مامؤن محمد,(+249)-912319989,خضر عمر الخضر,(+249)-912404332,saudmining@mamounelberier.com,125
1984,sageer,,سفن استار للانشطة المتعددة المحدودة,7 STAR,1,,,-,-,-,-,,125
274,mokhalfat,,سكسيد أب للتجارة العامة المحدودة,Sexed Up for General Trading Ltd,1,الخرطوم - امتداد ناصر - مربع (4) - مبنى رقم 168,,عثمان  ابو القاسم,(+249)-912371979,منصور عبد الرحمن,(+249)-912418434,succeedup@hotmail.com,125
1916,mokhalfat,262,سلام كنجة للأنشطة المتعددة المحدودة,Salam Kinga for Multiple Activities CO.LTD,1,,,فيصل يحي عبد الله يعقوب,0965301190,فيصل يحي,0912349378,salamkinga1@gmail.com,125
281,mokhalfat,,سلوفينا للتعدين المحدودة,Slovenia for Mining Ltd,1,الخرطوم - برج البركة - الطابق الثاني - شقة رقم 505,,مهند سعود مامؤن محمد,(+249)-912319989,خضر عمر الخضر,(+249)-912404332,info@mamounelberier.com,125
361,mokhalfat,,سهل البطانة للتعدين,Sahl Albotana,1,بورتسودان - حي المطار - مربع 16 - جوار مسجد عثمان بن عفان,,حسين على احمد,123442413-0912313381,محمد احمد عبد القادر - أبو عبيدة عبدالوهاب,965364966-0905902316 - 0912147643,mohammed4337@gmail.com,1
1884,sageer,,سو انفست كابيتال المحدودة,so invest capital,1,,,-,-,-,-,,138
1973,sageer,,سوداقولد للاستثمار المحدودة,SUDAGOOLD,1,,,-,-,-,-,,138
257,mokhalfat,,سودا قولد للتعدين,Soda Gold for Mining Ltd,1,الخرطوم – المنشية مربع (25) (ابوحمد),,سمير احمد عبد الهادي,(+249)-123980534,محمد عثمان أبراهيم,0991587773 - 0965481301,sudagold@gmail.com,1
1523,sageer,,سوداقو للهندسة المحدودة,"Sudago Engineering Co., Ltd.",1,,,عزت,0912435593,-,-,abualez124@gmail.com,1
1875,emtiaz,RS-19G,سوداكال العالمية المحدودة,SUDACAL INTERNATION CO.LTD,1,الخرطوم - البلدية - مربع 1,,علي أبشر علي الفكي,0912369829 - 0123033888,علي أبشر علي الفكي,0912369829 - 0123033888,alisud25@icloud.com,129
500,emtiaz,,سودامين المحدودة,سودامين المحدودة,1,الخرطوم - المنشية -شارع الكبري,www.sudamin.com,كمال حسن الحاج رحمة,912300914,محمد كمال سيد احمد,123006868,,129
261,mokhalfat,223,سودامين المحدودة,Sudamin Ltd,1,الخرطوم – المنشية,,مهدي حسين ادريس,09123189184,برير عبدالرحمن برير,0123692389,system8888@hotmail.com,124
1524,sageer,,سوهانيت للتعدين المحدودة,SOHANIET MINING CO.LTD,1,الخرطوم - الشاطئ,,يوسف فاروق احمد محمد,00249912414656,ميساء مصطفى,00249918963234,info@sohaneit.com,1
1826,mokhalfat,,سي ويفس للحلول المتكاملة المحدودة,Sea Waves for Integrated Solutions Limited,1,بورتسودان - القرية منزل 408,,عبدالرحيم عمر حسن بلال,0912314654,معتصم فضل ادم,0962346419,abdalrhem44@gmail.com,125
1689,sageer,,شادوف للإستثمار المحدودة,Shadov Investment CO.Ltd,1,بورتسودان - حي المطار مربع 16,,محمد احمد محمد على,00249123968961,مجاهد احمد حسن عبدالرحمن,00249117171755,shadouf2025@gmail.com,138
1525,sageer,,شتلة تكنولوجي,Shetla Technology,1,,,--,-,-,-,shtlaatechnology@gmail.com,124
349,mokhalfat,,شركة APG للتعدين المحدودة,APG  for mining,1,الخرطوم,,حاتم,916400555,عمير سوركتي,119999401,,1
331,mokhalfat,,شركة أبورقية للتنمية المحدودة,Abu rugia for development CO. LTD,1,الخرطوم بحرى,,محمد المبارك ابراهيم,999343374-0122188180,نجم الدين داوؤد,12324007,aburugiamining@gmail.com,1
1842,mokhalfat,17,شركة أبومامور للتجارة و الأنشطة المتعددة,Abu Mamour for Trading and Multi Activities co.ltd,1,جنوب كرفان - الليرى - منطقة منجم ام قنعان,,ادم موسى مادبو يعقوب,0961031211,ملاذ عادل,094674629,madibomusa983@gmail.com,125
1953,mokhalfat,284,شركة أبومندى للمقاولات المحدودة,ABUMANDI CONTRACTING CO.LTD,1,ام درمان - حى الجامعة غرب مقابر المسيحيين جوار مدرسة ابوزر الكودة,,عبد الغنى مرسال حسب الله ادم (حامد ),(+249)-917958527- 0911202213,حامد مرسال حسب الله ادم,(+249)-917958527- 0911202213,,125
1995,mokhalfat,313,شركة أركان الكبرى المحدودة,ARKAN ELKUBRA CO LTD,1,نهر النيل - عطبرة - شارع المطار - منزل رقم 8,,محمد رأفت خضر عبد الرحيم,(+249)-912392058,معاذ عبد القادر محمد على,(+249)-912392058- 09121305942,,125
1533,sageer,,شركة أسمنت النيل ربك,Nile Cement Company (Rabak),1,,,,,,,,124
1534,sageer,,شركة أسمنت بربر,Berber cement,"1,37",الخرطوم الرياض,,عمر بشير محمد غالب,00249124124995,ياسر محمد الطيب,00249123577486,arwa.abdeen@berbercement.com,1
384,mokhalfat,,شركة أعمال الحارس للتعدين,AL- hariss mining company,1,بورتسودان- شرطة الشرطة,,حسين أبراهيم مصطفي,0123006911,محمد السراج على,0123312999,m0912263422@gmail.com,125
606,mokhalfat,,شركة أعمال ديدان للتعدين,شركة أعمال ديدان للتعدين,1,,,عبدالعزيز ابراهيم خضر صابون,+249 90 000 4781,إدريس محمد بشارة دوسة,+249 91 231 8573,dedangroup2026@gmail.com,132
372,mokhalfat,,شركة أعناب للتعدين,Aanab for mining,1,بحرى كافورى مربع 11 - مبنى رقم 55 الطابق الاول- شقة2,,فضل المولى احمد - محمد سيد احمد,0912639393-0916780601,محمد ابراهيم - محمد سيد أحمد - عبدالسلام علي,0123800348-0918220601 - 0992758128,aanabformining@gmail.com,1
375,mokhalfat,,شركة  أمواج البحر الاحمر,شركة  أمواج البحر الاحمر,1,بورتسودان جوار برنامج الغذاء العالمي,,منال أدريس عبدالله,0123724710 - 0912290424,شاكر محمد الخليفة خميس,0123705247 - 0915230088,amwagalbahar092@gmail.com,125
1992,mokhalfat,311,شركة أواب للخدمات الأمنية المحدودة (أعمال أواب العالمية للتعدين),شصشلا هىفثقىشفهخىشم بخق ةهىهىل هفثقحقهسثس,1,الخرطوم - العمارات - شارع 51,,لواء شرطة معاش د. أحمد عثمان أحمد عثمان,(+249)-912307549 - (+249)-123462062,محمد احمد التجانى الطاهر,(+249)-912307549 - (+249)-123462062,,125
1933,entaj,272,شركة أوهاف للتعدين المحدودة,Ohaf Mining CO.LTD,1,بورتسودان - حى المطار  مربع (20)- منزل رقم (702),,حمد جمعة محمد الطاهر,0900007977,كمال الدين التهامى على حسين,0923894049,,1
1952,mokhalfat,283,شركة إرجوان الذهبى لتعدين الذهب و الأنشطة المتعددة المحدودة,ARJWAN ALZAHABI COMPANY GOLD MINING MULTI ACTIVITES COM .LTD,1,نهر النيل - عطبرة - غري الميناء البرى,,محمد أدم ابكر عبد الله,0919699981,أحمد محمد أحمد دومى,0113313768-0911712297,orjgwanalzahabi.co.ltd.2025@gmail.com,125
1963,mokhalfat,292,شركة إس أي إيه للإستثمار المحدودة,S.I.A. INVESTMENT CO.LTD,1,الجريف غرب - مربع 80 عقار رقم 55,,محمد الخضر بكري,(+249)-912308423- (+249)-912749978,محمد الخضر بكري,(+249)-912308423- (+249)-912749978,,1
400,mokhalfat,,شركة إعمارللنظم المتطورة المحدودة,,1,,,,,,,,17
599,mokhalfat,,شركة ابرسى الهندسية,,1,,,,,,,,132
1929,mokhalfat,268,شركة ابورقية للتنمية المحدودة,Abu Rugia Devolopment Co.Ltd,1,الخرطزم بحرى - حى الميرغنية - مربع 1- عقار رقم 35,,محمد المصطفى خالد عثمان,0912324007,الوسيلة,0913252727,,1
377,mokhalfat,66,شركة ابو ضراع للتجارة و الخدمات المحدودة,شركة ابو ضراع للتجارة و الخدمات المحدودة,1,0,,حمدان أحمد محمد أحمد,(+249)-0919620234 - 0123807052,0,0,abudraacompany@gmail.com,125
352,mokhalfat,,شركة اتش اند ام باور للهندسة والإنشاءات والتجارة المحدودة,H@M for engineering cons &trad,1,بحرى كافورى مربع 11 - مبنى رقم 55 الطابق الاول- شقة2.,,محمد عمر عبدالسلام,912303131-912364794-0912350937,ناجي عبدالرحيم عبد الرؤوف,0912361716 - 0123720219,handm.power4444@gmail.com,1
591,mokhalfat,,شركة احيمر للتعدين المحدودة,,1,,,,,,,,132
1526,sageer,,شركة اس إي اس للتعدين والاستشارات الجيولوجية,SES FOR MINING & GEOLOGICAL CONSULTING,1,,,محمد الفاتح عبدالوهاب,00249912308720,محمد الفاتح,00249912308720,sesmingcons@gmail.com,124
383,mokhalfat,,شركة اسكاى موتور للتجارة والاستثمار المحدودة,Sky motor for trading& investement co LTD,1,بورسودان عمارة الكارس,,محى الدين جمعة,912323892-128969269,محى الدين ادم جمعة,123424550-0912382086,,125
406,mokhalfat,,شركة اعمال هوب للتعدين,,1,,,,,,,,17
374,mokhalfat,,شركة اكولايزر للانشطة المتعددة المحدودة,شركة اكولايزر للانشطة المتعددة المحدودة,1,0,,0,0,0,,,125
1968,mokhalfat,297,شركة الأمان للتعدين و الأنشطة المتعددة  المحدودة,AL AMAN FOR MINING MULTI ACTIVITES CO.LTD,1,الخرطوم - السوق العربى - شمال صينية القندول - عمارة الدهمشى - الطابق الثالث - شقة 33,,احمد على بابكر احمد,(+249)-912612468- 0909418880,احمد على بابكر احمد,(+249)-912612468- 0909418880,,125
1955,mokhalfat,286,شركة الأمجاد للتعدين المحدودة,ALAMGAD MINING CO.LTD,1,الولاية الشمالية - دنقلا - شارع الميناء البرى,,على محمد عمر بابكر,(+249)-123143642- (+249)-915043642,على محمد عمر بابكر,(+249)-123143642- (+249)-915043642,,125
1527,sageer,,شركة الامن الغذائي المحدودة,Seedlings Technology,1,,,,,,,,1
338,mokhalfat,,شركة البراح المحدودة,شركة البراح المحدودة,1,الحرطوم _ بحري _ كافوري,,الرشيد محمد الطاهر,123354371,ادم إبراهيم عبد الرحمن,912372332,,7
370,mokhalfat,,شركة التمر للانشطة المتعددة المحدودة,Altamr multiple activities. LTD,1,بورتسودان - ترانزيت - جوار المستشفى,,محمد ابراهيم بخيت,912301119-0123976312,محمد يوسف احمد,912323849-0913450140,wleedbada@gmail.com,1
601,mokhalfat,,شركة التواصل للتجارة والاستثمار المحدودة,,1,,,,,,,,132
1528,sageer,,شركة الجسر الذهبى للتعدين,Golden Bridge Mining Company,1,,,,,,,,1
1529,sageer,,شركة الربيلي للتعدين المحدودة,AL REBEELI MININIG,1,الدمازين - الرياض - منزل رقم 7,,احمد امين احمد محمد اسماعيل,0024969999996,بابكر حمزة موسى,00249915046533,,1
1530,sageer,,شركة السلام لإنتاج الأسمنت المحدودة,asslam,"1,18",الخرطوم برج التضامن,,بشير ابوالحسن,123307060,-,-,,124
335,mokhalfat,,شركة السندي,Alsindi mining company,1,الخرطوم _ بجري _ شارع كسلا,,وائل محمد احمد,912309253,الضو الصديق الضو,912689099,alsendismrc@gmail.com,1
385,mokhalfat,,شركة السيداب للتعدين,AL- Seidab for mining,1,بورتسودان السوق الكبير,,مصطفى احمد كوكو,912210199,صديق محمد على عمارة,912331187,Karkartransport@yahoo.com,125
1531,sageer,,شركة الشمال لانتاج الاسمنت,Elshemal cement,1,الخرطوم الطائف,,احمد حسين ابوجرار,912504509,هيثم حسن احمد حامد,0123593500,elshemal.cement2@massgroupholding.com,1
1869,sageer,,شركة الغابات للتعدين المحدودة,gabat,1,,,-,-,-,-,,138
1909,mokhalfat,256,شركة الفا كوست للتعدين المحدودة,Alpha,1,الليرى,,مصطفى على الكبير محمد,0912252209,مصطفى على الكبير محمد,0912252209,alfacoastmining@gmail.com,125
1966,mokhalfat,295,شركة الكدر كول للإستثمار المحدودة,ALKADAR COOL FOR INVESTMENT LTD,1,الخرطوم - اركويت - مربع 47 - بالقرب من مسجد الفاروق,,على الحاج محمود احمد,(+249)-912322721,ريم احمد مختار احمد,(+249)-900066585-(+249)-912532000,,125
1931,mokhalfat,270,شركة الكنسوسى للبترول المحدودة,Alkansoi Petroleum CO.LTD,1,بورتسودان - حى هدل -مربع 5- عقار 143,,السنوسى الامين محمد عمر,0122670746,اشرف صديق أحمد صديق,0912234808,alkansosipetroleum@gmail.com,125
1911,mokhalfat,258,شركة المتعاهدون للتجارة واللإستثمار,Metahidoon,1,جنوب كردفان الليرى,,محمد ابكر احمد ابراهيم,09122,محمد ابكر احمد ابراهيم,09122,,125
1914,mokhalfat,,شركة المجتبى للأنشطة المتعددة المحدودة,Almujtba,1,البحر الاحمر,,نزار على محمد احمد,0912321754,نزار على محمد احمد,0123083487,,125
1949,mokhalfat,280,شركة المجموعة الدولية للتجارة والاستثمار المحدودة,Global Group For Trading and Investment CO.LTD,1,الخرطوم - شارع البلدية - شرق بنك بيبلوس/عطبرة شارع كسلا,,عادل عبد اللطيف,(+249)-123666443,عبد العزير عبد السلام,(+249)-123666443,,1
392,mokhalfat,,شركة المسار العالمية للخدمات والتعدين المحدودة,شركة المسار العالمية للخدمات والتعدين المحدودة,1,الخرطوم بحري - الصناعات -غرب شركة الصفوة للسيارات,,حسن عبدالقادر محمد خلف الله,0123017889,رامز داؤود صالح,0922290125 -0113208263,almasarco2010@gmail.com,17
1988,mokhalfat,308,شركة المسار العالمية للخدمات والتعدين المحدودة (الترتر),almasar,1,الخرطوم بحرى - الصناعات غرب شركة الصفوة للسيارات,,حسن عبد القادر محمد خلف الله,(+249)-123017889,رامز داوؤد صالح,(+249)-922290125- 0113208263,almasarco2012@gmail.com,125
1488,sageer,,شركة المستدامة للخدمات والتجارة المحدودة,Al mostadama for services & trading Co.LTD,1,,,ايمن ابراهيم محمد علي,249912320409,ايمن ابراهيم محمد علي,00249912320409,ayman.ibrahim.moh@gmail.com,1
1913,mokhalfat,,شركة المعليابى للأنشطة المتعددة المحدودة,Almaliaby,1,البحر الاحمر سوق الانصارى - وادى الاراك,,الفاضل حسن محمد حسين,0912377214,الفاضل حسن محمد حسين,0123152018,,125
354,mokhalfat,,شركة النجم الساطع للتعدين المحدودة,Alnagem alsatie mining co. LTD,1,الخرطوم 2 شرق شارع 43 عمارة ماجستك الطابق 2 الشقة 3,,على خليفة على,0912307226,محمد فضل عمسيب - فائز علي أحمد,0911111126,askouriali@gmail.com,2
1996,mokhalfat,314,شركة اليقانس للأنشطة المتعددة المحدودة,ELEGANCE MULITI ACTIVITIES CO LTD,1,بورتسودان - حى السوق - عمارة عبد الله بادى,,أمين مصطفى عابدين,(+249)-912175048 - (+249)-123494356,أمين مصطفى عابدين,(+249)-912175048 - (+249)-123494356,,125
336,mokhalfat,,شركة اليمنتس للتعدين,شركة اليمنتس للتعدين,1,,,,,0,,,1
362,mokhalfat,,شركة ام ايه جي للتعدين,شركة ام ايه جي للتعدين,1,,,0,0,0,,,125
1532,sageer,,شركة املاح البحر الاحمر,Red Sea Salts Company,1,,,,,,,,1
1979,mokhalfat,303,شركة اوربت للمعادن المحدودة,ORBIT FOR MINERALS CO.LTD,1,الخرطوم -  شارع الستين - مقابل شركة زين,,محمد هاشم جمعة سليمان,(+249)-999999131- 0912345215,محمد هاشم جمعة سليمان,(+249)-999999131- 0912345215,orbitminerals98@gmail.com,125
379,mokhalfat,,شركة ايات لخدمات حقول البترول المحدودة,Eyat mining,1,الخرطوم العمارات - شارع 47,,علي الزين علي,0110489498 - 0902983012,علي الزين,0110489498 - 0902983012,,1
1967,mokhalfat,296,شركة باجعفر المحدودة,BAGAFAR CO.LTD,1,نهر النيل - عطبرة - شرق الميناء البرى,,عمر جعفر سعيد محمد خير,(+249)-912300755,ابو القاسم عبد الرازق - حسان الصادق محمد احمد,(+249)-912955976-(+249)- 0904408983,bagafar2026@gmail.com,125
366,mokhalfat,,شركة بانة لمعالجة مخلفات التعدين التقليدي,Banh to treat tradition mining,1,بورتسودان السوق الكبير,,عبدالمطلب محمد يحيى,0912310674-912695383,الجيلي إدريس,911107120,khalifasami693@gmail.com,1
1947,entaj,278,شركة بان سودان ريسورسز للتعدين المجدودة,PAN SUDAN RESOURCES MINING CO.LTD,1,عطبرة الموردة - جنوب مسجد الميناء البرى,,الطالب على عبد القادر,0912508383,على البدرى,012379085,,1
401,mokhalfat,,شركة بانقا للتعدين,,1,,,,,,,,17
325,mokhalfat,,شركة بترونيدز للخدمات العالمية المحدودة,شركة بترونيدز للخدمات العالمية المحدودة,1,,,,,,,,1
1535,sageer,,شركة بتلكو للتعدين,BETELCO FOR MININIG,1,,,عماد عبدالمطلب عبداللطيف,0912305653,عامر علي عثمان,0912329732,Betelcomining@gmail.com,7
407,mokhalfat,,شركة بحر العرب للتعدين,,1,,,,,,,,17
369,mokhalfat,,شركة  برايت استون العالمية,Bright aston international CO. LTD,1,عطبرة,,عصام ابراهيم بشير,912330184,مصطفى محمد احمد,912313208,wedketer82@gmail.com,2
1972,mokhalfat,300,شركة بركات بلادى للأنشطة المتعددة المحدودة,BRAKAT BILADI FOR MULTI ACTIVITES CO LTD,1,ام درمان المهندسيين -جوار مقابر حمد النيل,,إسحاق على هارون سليمان,(+249)-916056060- (+249)-12300339,محمد حسين حماد,(+249)-916056060- (+249)-12300339,barakatbiladiw@gmail.com,125
334,mokhalfat,,شركة بلوتو للانشطة المتعددة,شركة بلوتو للانشطة المتعددة,1,,,-,-,-,-,,125
1822,mokhalfat,,شركة بيرث للانتاج المعادن المحدودة,Perth Mineral Production CO.LTD,1,الخرطوم - امتداد الدرجة الثالثة,,هجو احمد محمد احمد,0910007750,محمد بشري شاع الدين,0123702999 - 0120153585,albsmalah@gmail.com,125
1983,mokhalfat,307,شركة بيسان المتحدة المحدودة,BISSAN UNITED CO LTD,1,ام درمان - ابوسعد - مربع 28 - شارع الصادرات,,مبارك يعقوب ادم الضو,0912332648,عبد الباسط على ابراهيم عبد الكريم,(+249)-918580802- 0912330614,bisanunited6@gmail.com,125
389,mokhalfat,117,شركة تانسي للتعدين المحدودة,Tansi for mining.  LTD,1,الخرطوم غرب م 3 -عقار رقم 3- مكتب رقم 20,,عباس حسين الصافي أبراهيم,0912321872,أدم جالوط خميس - الفاتح محمد على بابكر,0910033505 -  - 0122866036-01222869802,Aaltnyn822@gmail.com,2
404,mokhalfat,,شركة ترست للأعمال المتقدمة المحدودة,,1,,,,,,,,17
342,mokhalfat,,شركة تنامي للتعدين,Tanami mining co LT,1,الدمازين حى الرياض,http://www.tanamiminingco.ltd.com,عبدالله جعفر محمد احمد,960733198-0915467036,هاشم احمد بله - سلمان حامد سالم- عبدالله صلاح الدين إسماعيل,915467036 - 0126230433 - 0111061428 - 0908769363,Abdallahotbo22@gmail.com,1
396,mokhalfat,,شركة تنقلي المتحدة المحدودة,00,1,,,معز محمد بلول,0121161302,مصعب عبدالوهاب عمر,0912222775,tungli22co@gmail.com,17
1878,mokhalfat,609,شركة جوادي للأنشطة المتعددة المحدودة,Jawdy Multi-Activities Co. Ltd,1,جنووب كردفان - الليرى - الاخضر - جبل هجليج,,احمد اسحق عبد الله بخيت,0912395767,ملاذ عادل,094674629,jawady.co.ltd@gmail.com,125
1978,mokhalfat,302,شركة جى ايه اس المحدودة,G A S CO . LTD,1,أم درمان - الثورة - الحارة 48,,عبد الرحيم حامد على نورببن,(+249)-912789618,عبد الرحيم حامد على نورببن,(+249)-912319263- 0123019263,,125
402,mokhalfat,,شركة حَسا للانشطة المتعددة المحدودة,,1,,,,,,,,17
1536,sageer,,شركة حصى للانشاءات والتعدين(كروم),Gravel Construction & Mining Company (Chrome),1,,,,,,,,124
364,mokhalfat,,شركة دلو للتجارة و المقاولات المحدودة,شركة دلو للتجارة و المقاولات المحدودة,1,بورتسودان - حي ترانزيت - جوار مستشفي الكلي,,الهادي أبكر عبدالله عثمان,011112520 -0907330302,الهادي أبكر عبدالله عثمان,011112520 -0907330302,dallowltd@hotmail.com,125
602,mokhalfat,,شركة دوانا,,1,,,,,,,,132
1537,sageer,,شركة رانيا للأنشطة المتعددة المحدودة,RANIYA MULTY ACTIVITYES LTD,1,,,يعقوب سلطان عبدالله,0912133492,سالم سليمان علي,0912950837,info@ranyama.com,7
1923,mokhalfat,265,شركة رحلتي للاستيراد والتصدير والخدمات,Rihlaty EM EX SE CO,1,النيل الابيض - كوستى - السوق الكبير - عمارة البنك الاسلامى السودانى,,ادم ابكر ادم عبد الله,0917917054,ادم ابكر ادم عبد الله,0912895592,contact@rihlty-mining.com,125
324,mokhalfat,,شركة رواء  لمخلفات التعدين التقليدى,Rawa mining waste treatment,1,بورتسودان حى المطار-  مربع 1 -جوار مسجد الهداية,,مؤيد احمد مصطفى,099005032,تاج السر السرور - أيمن محمد - بابكر علي محمد - عثمان عبدالرسول,0918129998 -0912166566 - 0912121889 - 0912616905,rawamining2@gmail.com,1
295,mokhalfat,,شركة رويال للأعمال المتقدمة النحدودة,Royal for Advanced Business Ltd.,1,الخرطوم - العمارات شارع 45 - عقار رقم 9 - برج النخيل (وادي حلفا),,طه محمد علي شنان,(+249)-924000140,محمد سيد محمد خليل,0912842184,royalminingsd@gmail.com,1
333,mokhalfat,,شركة رياض للتعدين المحدودة,شركة رياض للتعدين المحدودة,1,,,أحمد المصباح,0,طه فضل المولى,0912371746,,125
1839,sageer,,شركة ريناس للذهب والمجوهرات المحدودة,RENAS FOR GOLD&JEWELRY CO.LTD,1,,,محمد علي البشير محمد,0123118872 -0912365016,اسعد عمر ادريس,-0123118876- 0912398781,Asaad.Idres@alkaris-group.com,138
1964,mokhalfat,293,شركة ريو تنتو المحدودة,RIO TENTO CO.LTD,1,الخرطوم - اركويت - شارع الموية - بالقرب من مجمع الإخوة التجارى,,عثمان أحمد عثمان الطاهر,(+249)-908816613- (+249)-123644447,عثمان أحمد عثمان الطاهر,(+249)-908816613- (+249)-123644447,riotentosd@gmail.com,125
1941,mokhalfat,275,شركة زهرة افريقيا للأنشطة المتعددة المحدودة,Zahara afriquia multi activites co.ltd,1,الخرطوم - ابوسعد مربع 18,,عبد الله مصطفى قاردية نوريين,0912426395,عبد الله مصطفى قاردية نوريين,0912426395,zaharaafriquia21@gmail.com,125
1989,mokhalfat,309 معالجة مسبقا,شركة ساندستون للتنمية و الإستثمار المحدودة (أعمال أم عروض لمعالجة مخلفات التعدين التقليدى),SAND STONE,1,الخرطوم - شارع الجهورية - شمال برج البركة  (بورتسودان - المنطقة الصناعية - شرق نادي الثغر),,محمد هاشم الياس,(+20)-1022120656,رباب محمد فرح,(+249)-912673481,,1
237,mokhalfat,,شركة ساندستون للتنمية و الإستثمار المحدودة (أعمال أم عروض لمعالجة مخلفات التعدين التقليدى),Sandstone for Development and Investment Ltd.,1,الخرطوم - شارع الجهورية - شمال برج البركة  (بورتسودان - المنطقة الصناعية - شرق نادي الثغر),,ابوبكر عثمان كمبال,912344019,رباب محمد فرح - حسن محمد أبو الغيث,912673481 - 00,rabab3_farah@yahoo.com,1
1956,mokhalfat,287,شركة سبائك المستقبل للأنشطة المتعددة المحدودة,sabayek almustaqbal for multi activities co ltd,1,يورتسودان - حى المطار - مربع 2 - عقار رقم 50,,بدر الدين موسى على بدر,(+249)-912389266,إدريس عبد المجيد ابكر عطبة,(+249)-997993994,lfo@sabailalmustaqbal.com,125
391,mokhalfat,,شركة سبروزا للاعمال المتقدمة المحدودة,SIBROZA for Advanced Business,1,,,مبارك علي يعقوب,0912338632,معاوية محمد عمر المكي,0918691879,sibroorganization@yahoo.com,125
388,mokhalfat,,شركة سودامين المحدودة,,1,,,,,,,,17
1841,mokhalfat,16,شركة سي أن أس للأنشطة المتعددة,C N S for Multi Activities Company,1,جنوب كردفان - الليرى - منطقة الدمبلو ودلاس,,عبدالحكيم مأمور موسى,0912323408 - 0900004781,ادم موسي مادبو,0127516860,Hakimmamour91@gmail.com,125
1980,mokhalfat,,شركة سيدا العالمية للأنشطة المتعددة المحدودة,CIDA INTERNATIONAL DEVELOPMENT CO.LTD,1,الشمالية - دنقلا - عمارة الذهب -فندق المعلم,,سيد أحمد عبد الرحيم سيد أحمد عمر,(+249)-900001516- (+249)-122698757,عادل فرح مصطفى,(+249)-900001516- (+249)-122698757,hassanamer2016@gmail.com,125
1538,sageer,,شركة سيدون للتعدين,SEEDON FOR MINING,1,,,-,+,-,+,,125
1958,mokhalfat,289,شركة سيكال للتجارة و الإستثمار المحدودة,SIKAL TRADING AND INVESTMENT CO.LTD,1,الخرطوم - كافورى مربع 3 - جوار طلمبة النيل,,سيد محمد سيد مصطفى,(+249)-909000034- 0123005865,محمد على عبد الله,(+249)-909000034- 0123005865,,125
1982,mokhalfat,306,شركة سيكال للتجارة و الإستثمار المحدودة ( دورديب ),SIKAL TRADING AND INVESTMENT CO.LTD,1,الخرطوم - كافورى مربع 3 - جوار طلمبة النيل,,سيد محمد سيد مصطفى,(+249)-909000034- 0123005865,محمد على عبد الله,(+249)-909000034- 0123005865,sikal@asia.com,125
1930,mokhalfat,269,شركة شاهين للحلول المتكاملة المحدودة,Shaheen Entegrated Solutions co.LTD,1,بورتسودان - حى الشاطى,,صلاح الدين ابوبكر عامر,0912399684,أورقية محمد علي,0912399684,atyaf0067@gmail.com,125
399,mokhalfat,,شركة شتكو للتجارة و التنمية المحدودة,,1,,,,,,,,17
1959,mokhalfat,290,شركة شركة نعشيك العالمية للأنشطة المتعددة المحدودة,NASHEK INTERNATIONAL MULTI ACTIVITIES CO LTD,1,ام درمان - حمد النيل جنوب الطلمبة,,إبراهيم عبد الرحمن عبد الجبار محمد,(+249)-123093565,عيسى موسى ضو البيت,(+249)-123093565- (+249)-912732212 -0912356077,ibrahimnashik66@gmail.com,125
1818,mokhalfat,,شركة شريان الشمال للطرق والسدود المحدودة,SHIRIAN  ALSHAMAL COMPANY FOR ROAD&DAMS,1,ولاية البحر الاحمر - بورتسودان,https://sharaynalshamal-rd.com/,اسماعيل حسين عمر عثمان,0918762201,علام هاشم,0918772951,alshamalalshamal65@gmail.com,125
363,mokhalfat,,شركة شنكو العالمية المحدودة,شركة شنكو العالمية المحدودة,1,,,أبوبكر هاشم جمعة سليمان,0900398979,أبوبكر هاشم جمعة,0123888470,globalshinco@gmail.com,125
47,entaj,,شركة صحاري البركة للتعدين المحدودة,Sahara Albaraka For Production And Mining Co.  Ltd,1,الخرطوم بحري - كافوري مربع 9 قرب صيدلية كافوري,,ايمن الأمين حسن الأمين,249917055292,-,-,albarakamining@gmail.com,1
1852,mokhalfat,,شركة صحاري القابضة للتجارة و التعدين و الخدمات العامة المحدودة,"Sahara Holding for Trade, Mining and General Services Limited",1,,,يعقوب أركوي محمد حامد,09123684305 - 0113623320,ايوب محمد حسن النور,0114449139,,125
330,mokhalfat,,شركة عبقرينو الهندسية,Abarino engineering for const,1,الخرطوم _بحري _ كافوري شرق مسجد النور,,طارق يحي عبدالصادق عثمان,0912936430,معتز عوض سعيد,0912758255,Executive.abgreeno@gmail.com,1
355,mokhalfat,123,شركة عكاشة للتعدين المحدودة,AAKASHA MINING CO.LTD,1,الخرطوم - الطائف مربع 23 - فيلا رقم 29,,محمد عبد المنعم عيسى,(+249)-912314062- (+249)-123000049,محمد يحى عثمان,(+249)-912314062- (+249)-123000049,,125
1998,mokhalfat,316,شركة عمر بجا للتعدين المحدودة,omer baja for mining waste treatment,1,بورتسودان حى سوق جوار فندق بوهين,,محمد عثمان محمد احمد,(+249)-912964067-0123092447,عمر عثمان محمد احمد,(+249)-912964067-0123092447,,125
1971,mokhalfat,299,شركة عنتبى للأنشطة المتعددة المحدودة,ENTEBBE MULTI ACTIVITES CO LTD,1,الخرطوم - أم درمان - ابوسعد - مدينة النخيل - مربع 18 -عقار رقم 736,,الامين إبراهيم محمد إبراهيم,(+249)-912331408,الامين إبراهيم محمد إبراهيم,(+249)-123775666,entebbesd@gmail.com,125
394,mokhalfat,,شركة فاتور للاستثمار المحدودة,,1,,,,,,,,17
368,mokhalfat,,شركة فيرست موتورز للخدمات التجارية,شركة فيرست موتورز للخدمات التجارية,1,الخرطوم _ المجاهدين,,محمد حسن مضوي,0,رزان,905332827,,125
1960,mokhalfat,291,شركة قناطبر للمشاريع المتطورة المحدودة,QANATEER DEVELOPED PROJECTS CO.LTD,1,الخرطوم - شارع اوماك - برج المنشية - شقة رقم 4,,محمد عبد القادر على بشير,(+249)-123331043- (+249)-123002159,حمزة صلاح الدين عطا المنان ادريس,(+249)-124898979,mohamed301124@gmail.com,125
351,mokhalfat,,شركة قولدن إيرث للتعدين و الإستثمار,Golden earth for mining & invistment,1,الخرطوم,,اسعد حسب الرسول ابراهيم,912308423,محمد الخضر بكري - عبدالحليم حمزة باشري,0912744426- 0900843943,goldenearthcompany99@gmail.com,2
1927,mokhalfat,267,شركة قولدين ايرث للتعدين والاستثمار المحدودة( حجر معدنيين ),Golden Earth,1,,,د. اسعد,09127444426,محمد الخضر بكرى,0912749978,,125
1954,mokhalfat,285,شركة قولدين تاور المتحدة المحدودة,GOLDEN TOWER UNITED CO.LTD,1,بورتسودان - السوق الكبير -مربع 4,,محمد إبراهيم يعقوب ابراهيم,(+249)-908771777- 0908877266,محمد إبراهيم يعقوب ابراهيم,(+249)-908771777- 0908877266,moyakoub22@gmail.com,125
371,mokhalfat,,شركة كاسكو للطاقة المتجددة المحدودة,Casco renewable  energy co,1,بورتسودان - حى ديم مدينة - مربع 11,http://info@cascomining.com,عثمان الزين,0995196524-0923483369,شهاب ارباب ابراهيم,0123793249,gov.affairs@cascomining.com,1
1950,mokhalfat,281,شركة كايزر للحلول المتكاملة المحدودة,KAIZER MULTI ACTIVITES CO.LTD,1,أبوسعد مربع 18,,صالح هاشم النور الطاهر,(+249)-912338952,عبد الله مصطفى قاردية نوريين,(+249)-912426395,kastiro2@gmail.com,125
373,mokhalfat,,شركة كفاءة للتعدين,Kafaah FOR MINING,1,ابو حمد,,الامين عثمان الامين عبدالسلام,912312428,الامين عثمان الامين عبدالسلام,912312428,,125
393,mokhalfat,,شركة كنسودا للتعدين,000,1,,,محجوب احمد عرجة كبير,0912397594,احمد محجوب احمد عرجة,0912534011 -0118810182,conssuda06@gmail.com,17
1912,mokhalfat,259,شركة كونسوليتد بارتينرزالعالمية المحدودة,consulted partiners,1,جنوب كردفان,,الشريف محمد احمد سيد جابر,0912563379,الشريف محمد احمد سيد جابر,0123653626,partenersconsolidated@gmail.com,125
605,mokhalfat,,شركة كونكورب بتروليم المحدودة,0000000,1,,,الصادق محمد أحمد سالم,0912131090,عمر محمد عبدالله جار النبي,0912388084,jarelnabi@gmail.com,132
1539,sageer,,شركة كيان للتلك المحدودة,Kian  For Talc LTD,1,,,محمد العطا الطيب,00249912369777,الشيخ أدريس حسب الرسول الطيب,0912111300 - 0112017303,mohanadsukar@gmail.com,1
600,mokhalfat,,شركة كير للمحاجر والتعدين المحدودة,,1,,,,,,,,132
1540,sageer,,شركة كيل للتعدين,KIL FOR MINING,1,,,,,,,,124
395,mokhalfat,,شركة لام للاستثمار المحدودة,,1,,,,,,,,17
322,mokhalfat,,شركة لانوس العالمية للمشاريع المتطورة المحدودة,Lanous factory for  waste mining,1,الخرطوم الطائف - شارع النخيل - مربع61 - عقار22,,اسعد حسب الرسول,0912308423,محمد خضر,0912749978,lanousfactory99@gmail.com,1
607,mokhalfat,,شركة لحا للتعدين,,1,,,,,,,,132
1969,mokhalfat,298,شركة لدن جولد للتعدين المحدودة,LADUN GOLD FOR MINING CO.LTD,1,ام درمان - امبدة - غقار رقم 987 الشقة العاشرة,,عبد المنعم إبراهيم محمد الطاهر,(+249)-910867699,محمد ابكر احمد ابراهيم,(+249)-912237145- 0117899145,,125
367,mokhalfat,,شركة لوك اوت للانشطة المتعددة المحدودة ( اعمال النترة للتعدين ),شركة لوك اوت للانشطة المتعددة المحدودة ( اعمال النترة للتعدين ),1,بورتسودان,,0,0,0,,,125
1940,mokhalfat,274,شركة لويالتى للأنشطة المتعددة المحدودة,LOYALLTY FOR MULTI ACTIVITY CO.LTD,1,الشمالية - محلية دلقو - الكيلو 625,,وضاح صالح على طلب,0910992409,محمد عبد الغفار حسن,0910992409-0124381399,,125
1939,mokhalfat,274,شركة لويالتى للأنشطة المتعددة المحدودة,LOYALLTY FOR MULTI ACTIVITY CO.LTD,1,(الشمالية - محلية دلقو )الخرطوم - العمارات - شارع 15 - شمال فندق كانزن عقار    22/1,,وضاح صالح على طلب,0910992409,محمد عبد الغفار حسن,0910992409-0124381399,,125
593,mokhalfat,,شركة ليجند تورنادو للحلول المتكاملىة,,1,,,,,,,,132
1922,mokhalfat,264,شركة م.أ.ت للتعدين والخدمات المحدودة,M.A.T For Mining Company,1,الخرطوم - يثرب - مربع 9 - منزل رقم 30,,الهادى ابكر عبد الله عثمان,0111152020,الهادى ابكر عبد الله عثمان,0907330302,abdalgaderabdallah1@gmail.com,125
1564,sageer,,شركة مارين سولت المحدودة,Marine Salt Co. Ltd,1,بورتسودان,,Phanindra Goswami,00249966713425,محمد ابراهيم بابكر,00249912311208,accounts@marinesaltsudan.com,1
1843,mokhalfat,602,شركة مامور كومرا للأنشطة المتعددة,Mamur Komra Multi-Activities Company,1,,,عبدالحكيم مأمور موسى,0912323408 - 0900004781,عبدالحكيم مأمور موسى,0912323408 - 0900004781,musamadibo987@gmail.com,125
1541,sageer,,شركة مانى للاعمال المتقدمة,Mani Advanced Business Company,1,,,-,+-,-,-,,124
365,mokhalfat,,شركة مبروك للتعدين,شركة مبروك للتعدين,1,,,0,0,0,,,7
1846,mokhalfat,,شركة مزبد العالمية للأنشطة المتعددة المحدودة,Mazbad International Multi-Activities Company Limited,1,,,وادي محمد جمعة وادي,00211986827777,إسماعيل عبدالله هارون شوقار,0918877159 - 0914498669,mozbadcompany@gmail.com,125
1542,sageer,,شركة مسارات  للتعدين المحدودة,Masarat Mining Company Ltd.,1,,,,,,,,124
353,mokhalfat,,شركة ملكن للتعدين المحدودة,شركة ملكن للتعدين المحدودة,1,0,,0,0,0,,,125
1948,mokhalfat,279,شركة مليط للإنشطة المتعددة المحدودة,MELLIT FOR MULTI ACTIVITES CO.LTD,1,بورتسودان - حى المطار - مربع 5,,صلاح عبد الرحمن عبد الجبار محمد,(+249)-913311314- (+249)-121868517,محمد طارق يوسف دفع الله,(+249)-913311314- (+249)-121868517,,125
1944,mokhalfat,278,شركة موناس للتعدين المحدودة,MONASS MINING CO.LTD,1,الخرطوم بحري -المغتربين - شارع الزعيم الازهري -منزل رقم 108 (عطبرة شارع المطار- البسملة للآليات),,الوسيلة الرشيد,(+249)-912393222,حسين احمد حسين,(+249)-912333614,,1
608,mokhalfat,607,شركة ميروقولد - جنوب كردفان,Mero gold,1,ولاية جنوب كردفان - محلية الليري,,رياض الفاتح,0912,رياض الفاتح,0912,,132
1719,sageer,,شركة ناريوا للتعدين والاستثمار المحدودة,NAREWA MINING & INVESTMENT CO. LTD,1,الخرطوم المعمورة مربع 84,,الرشيد ابراهيم محمد الريح,00249912213342 -00249123133422,بشار المبارك الخضر,00249912118858 - 00249125372900,rasheed_mno@hotmail.com,125
1544,sageer,,شركة نما للانشطة,Nama Activities Company,1,,,الطيب العطا الطيب,0912300010,حازم ياسر أبراهيم,0125666371,,124
376,mokhalfat,,شركة نما للانشطة المتعددة المحدودة,شركة نما للانشطة المتعددة المحدودة,1,بورتسودان - برج التأمينات الإسلامية الطابق الرابع,,الطيب العطا الطيب,912300010,حازم ياسر أبراهيم,0125666371 - 0913638603,hagoo266@gmail.com,125
341,mokhalfat,,شركة نوران تو,Noran tow mining company,1,الخرطوم _ بحري,,محمد عثمان حسن,09122263919-0912466550,ريهام عبدالرحمن - عبدالقادر عبدالرحمن محمد أحمد,916569306 - 0917048367,appleprofessionalmining@gmail.com,1
1907,mokhalfat,,شركة نوش لمخلفات التعدين المحدودة,nooshminingcompany,1,الخرطوم - الطائف - تقاطع شارع السلام مع شارع عبد الله الطيب (بورتسودان - دبايو),,النور الشيخ النور الشيخ,0913174753,مدثر ادريس النور,0913174753,,1
1545,sageer,,شركة هايتك للتعدين المحدودة,HI TIC FOR MINING,1,,,-,--,-,--,,124
405,mokhalfat,,شركة هايتند للأنشطة المتعددة المحدودة,,1,,,,,,,,17
360,mokhalfat,,شركة هيمنة توب المحدودة,شركة هيمنة توب المحدودة,1,,,سامى الرشيد أحمد يوسف,912486451,سحر الامين - بشير أحمد محمد,121139080 - 0123042649,sm0912486451@gmail.com,1
459,emtiaz,,شركة وادي ابوحراز للتعدين (بي بي هيدروليك المحدودة ),بي بي هيدروليك المحدودة (بي بي للتعدين),1,الخرطوم- شرق مستشفى رويال كير - مبنى رقم 14-  الطابق الثالث - شقة رقم 8,http://bb.hydraulic2012@gmail.com,عبدالرحمن ابراهيم محمد الامين,0918034284,ابوبكر  الصديق بشير الفاضل,0912303752 -0123003752,wadiaboharazmining@gmail.com,129
356,mokhalfat,,شركة وادي الدموك للأنشطة المتعددة المحدودة,Wadi al damuk multi activities CO.LTD,1,حلفا الجديدة,,عبدالله محمد احمد,912349925-0912338909,احمد حمد النيل - محمد نور محمد علي,0122505560 - 0915245900,wadi.Eldamuk@gmail.com,1
382,mokhalfat,,شركة واست للتعدين,شركة واست للتعدين,1,بورتسودان غرب وزارة السياحة,,بشارة بولاى ريهين,912323892,عبدالله بولاى ريهين  - الفاتح محمدعلي,128969269 - 0122866036,Elfatehm.ali84@gmail.com,125
1932,mokhalfat,271,شركة وايت لاين للتجارة و الخدمات و الاستثمار المحدودة,"White Line Trading Services ,Investment CO.LTD",1,بورتسودان - عمارة الكارس - الطابق الاول / الخرطوم شارع الحرية - عمارة عبد الرخمن عباس - الطابق الثالث - شقة رقم (301),,عبد الجبار ابكر على نور,0912300806,محمد عمر خضر حسن,0123517344,whitelinemining@hotmail.com,125
323,mokhalfat,209,شركة ود البطانة للتعدين المحدودة,Wad albutana for mining co .LT,1,عطبرة - حي المطار - مربع 7 - عقار رقم  -195(الخرطوم - كافورى - شارع مصنع الشفا,,محمد هاشم عوض الله,(+249)-912320107- 912354131,عمر محمد على حسن اونسة - تاج السر سرور,0912354131 - 0918129998,wadalbutana25@hotmail.com,1
1917,mokhalfat,263,شركة ون  هندريد للتجارة والاستثمار  المحدودة,ONE HUNDRED FOR TRADE & INVESTMENT CO.LTD,1,بورتسودان - السوق الكبير - جوار  مستشفي الشرطة,,عمر عبد الله علي عزو,0912508891,محمد التجاني عباس,0912317823,OMERABDALA254@GMAIL.COM,125
332,mokhalfat,,شركة ياباسط,شركة ياباسط,1,الخرطوم _ بحري _ كافوري,,أيمن,912166566,أيمن الأمين,900940966,,7
1546,sageer,,شفاعه للاستثمار والخدمات المحدوده,Shafa'a Investment & Services Ltd.,1,,,-,-,-,-,,124
350,mokhalfat,,شكير للتعدين,Shakir mining,1,,,محمد علي سيد أحمد سنادة,0912856023,محمد مبارك بابكر,0912374309 - 0115432963,Shakir.mining309@gmail.com,1
1853,mokhalfat,563,شكير للتعدين - وادي حلفا,shakir for mining,1,الخرطوم - الرياض شارع المشتل مربع (10) - عقار رقم (55) - الطابق الثاني - شقة رقم (1),,محمد علي سيد أحمد سنادة,0912856023,محمد المبارك,0912374309,shakirmining.halfa@gmail.com,125
282,mokhalfat,,شوبان للتعدين المحدودة,Shopan for Mining Limited,1,الخرطوم (2) - شارع رقم (37) - مبنى 39/1,,عبد الباقي عبد الله,(+249)-912311438,أيمن - بكري,0912309329 - 0917595095,menatiasudan@gmail.com,125
286,mokhalfat,,شوشناي للتجارة و الخدمات المحدودة,Shoshnai for Trading & Services Ltd,1,,,,,,,,125
319,mokhalfat,,شيبا للتعدين و التنقيب (1),Sheba for Mining & Exploration (1),1,,,محمد عووضة,(+249)-912466416,محمد عووضة,(+249)-912466416,,125
273,mokhalfat,,شيبا للتعدين و التنقيب (2),Sheba for Mining & Exploration (2),1,0,,محمد عووضة,(+249)-912466416,محمد عووضة,(+249)-912466416,,125
1547,sageer,,صادق العالمية,Sadiq International,1,,,,,,,,124
241,mokhalfat,,صحاري للتعدين المحدودة,Sahara for Mining Ltd,1,الخرطوم بحري - كافوري - مربع 11 - شارع الشفاء - مبني رقم 7/31 (عطبرة - حي الدرجة - شرق المقابر),,ايمن الامين,(+249)-917055292,عماد حسن شراط,(+249)-912808555,sahara.minco@gmail.com,1
1548,sageer,,صلاح أحمد سعيد,Salah Ahmed Saeed,1,,,,,,,,124
1549,sageer,,صلاح عبدالله جاد الله,Salah Abdullah Jadallah,1,,,-,-,-,-,jadallhsalah88@gmail.com,124
1550,sageer,,صلاح مياس للتعدين,SALAH MYAS MINING,1,,,صلاح عباس علي مصطفى,0024912353873,عثمان خلف الله محمد مصطفي,00249912358150 - 0122221144,salahmayas1957@gmail.com,138
1987,sageer,,ضؤ القمر للتعدين,DOW ALGAMER,1,,,-,-,-,-,,125
1872,sageer,,ظلال للتعدين,ZELAL MINING,1,,,محمد هاشم حسين عبدالمجيد,0912342442-01120822714,مجدي بابكلر فضل السيد,0113919914 - 0905888448,zelalmining@gmail.com,138
309,mokhalfat,,عادل ميرغني الرفاعي للتعدين,Adel Mirghani El Rifai for Mining,1,بورتسودان -السوق - عمارة التأمينات الإسلامية - الطابق الثاني - شقة رقم (4),,عادل ميرغني الرفاعي,(+249)-912301003,عادل ميرغني - فيصل سليمان خميس,(+249)-912301003 - 0912787312,BASMAADIL2@gmail.com,1
1551,sageer,,عبد الله محى الدين للانشطه المتعدده,Abdullah Mohiuddin for various activities,1,,,,,,,,124
1702,sageer,,عبد الله يعقوب للأنشطة المتعددة,Abdalla Yagoub Multi Activities Co.Ltd,1,بورتسودان,,عبدالله يعقوب احمد ادم,00249900837373,عبدالله يعقوب,00249912185288,abdallayagoub.co@gmail.com,125
449,emtiaz,,عبد الوهاب السيسي للتعدين المحدودة,عبد الوهاب السيسي للتعدين المحدودة,1,مكتب الخرطوم-الخرطوم- بري قاردن سيتي–شارع ميامي- غرب معرض الخرطوم الدولي - مكتب بحري: بحري شارع الحوادث - مستشفي بحري,http://dr.alsisi@hotmail.com,عبدالمعين,912236766,عبدالمعين,912236766,,142
1553,sageer,,على عيسى موسى,Ali Issa Musa,1,,,-,-,-,-,easaali.49@gmail.com,124
1554,sageer,,على وجه محمد,Ali Wageh Mohmed,1,,,-,-,-,-,aliwaghmohamed@gmail.com,124
1555,sageer,,عماد الدين محمد,Emad Aldin Muhammad,1,,,-,-,-,-,Mohamedemadaldeen39@gmail.com,1
52,entaj,,فاروس لتعدين الذهب المحدودة,PHARAOHS GOLD MINING CO.LTD,1,الخرطوم بحري – حي الميرغنية – شارع السيد علي الميرغني,,معتصم حاج التوم,123093093,محمد خالد / صلاح عثمان رحمه,912324007 - 0128721420,phahrosmining@gmail.com,7
1886,mokhalfat,246,فام لأعمال التعدين المحدودة,Fam Mining Works Limited,1,,,محمد حاتم ميرغني,0912396560,حسام محمد ميرغني - محمد صلاح السر أبوجود,0912340000 - 0912642848,fam-mining@outlook.com,125
588,mokhalfat,,فاين قولد التجارية المحدودة,,1,,,,,,,,132
316,mokhalfat,,فرك الكبرى للمعادن و التجارة و الإستثمار,"frok alkubra for Minerals, Trade and Investment Ltd",1,الخرطوم - شارع الجامعة - برج المعلم - الطابق الارضي,,لواء/ محمد محمد أحمد,00,صفوان محمد,(+249)-926580941,moh1964.alhag@gmail.com,125
1859,mokhalfat,,فري بورت لمعالجة المخلفات المحدودة,Freeport for Mining Waste Treatment,1,,,فتح الرحمن جار النبي أحمد,00,فتح الرحمن جار النبي أحمد,0910000056 - 0912300593,,125
263,mokhalfat,,فضل المولى عرديب للتجارة و الاستثمار المحدودة,Fadl Al Mawla Ardeep for Trade & Investment Ltd,1,منطقة الخرطوم (2) - شمال غرب مقابر فاروق (بورتسودان - اربعات - موقع شركة اعناب),,فضل المولى,249912639393+,الصادق علي محمد,249967911043+,aradeebtrading@gmail.com,1
1556,sageer,,فيصل عبدالكريم,Faisal Abdul karim,1,,,-,-,-,-,fisalabdalkrim@gmail.com,1
1557,sageer,,قوانغ من انترناسيونال,GOANG MIN INTERNATIONAL,13,,,-,-,-,-,,124
1558,sageer,,قولدن ايدياز للتعدين,GOLDEN IDEASE FOR MINING,"1,18",,,الهادي تاجر السر محمد,0912317007,الهادي تاجر السر محمد,0912317007,elhaditag1970@gmail.com,2
1705,sageer,,قولدن ايرث للتعدين والاستثمار المحدودة,Golden Earth Mininig  &Investment Co.Ltd,1,الخرطوم,,اسعد حسب الرسول ابراهيم,091239007-0912308423,محمد الخضر بابكر,0912749978-0912744426,goldenearthcompany9999999@gmail.com,138
275,mokhalfat,,قولد نايل  للتعدين,Gold Nile for Mining,1,الخرطوم - المقرن - شارع البلدية,,عبد الكريم موسى,(+249)-912305831,م م,م م,,125
1706,sageer,,قولدن تايم للتعدين المحدودة,golden time co. ltd,1,بورتسودان عمارة بعبود,,محجوب الزين محجوب قرشي,249912247150/249921180777+,حسنين الزين محجوب قرشي,249915154618/249114420825+,k2company122@gmail.com,125
60,entaj,,قولدين بيرد للتعدين المحدودة,GOLDEN BIRD MINING CO.LTD,1,الخرطوم بحري - كافوري مربع 11 - شارع الشفا مبني رقم 31/7,,أيمن الامين حسن الامين,249917055292,سامي قريب الله - تاج السر السرور حاج أحمد,915908755 - 0918129998,goldenbirdg24@gmail.com,2
410,entaj,,قيسان للتنقيب والتعدين المحدودة,Geisan Exploration and Mining Co. Ltd.,1,0,,0,0,0,0,,124
1559,sageer,,كاشمتوت للتجارة والاستثمار المحدودة,Kashmtot Trading & Investment Ltd.,1,,,,,,,,124
290,mokhalfat,,كالندر للتعدين,Callender for Mining,1,الخرطوم - المعمورة - غرب معرض جياد - كيلو 8 - عقار رقم (171) مربع (85),,عبدالمجيد طلسم,(+249)-912392336,عبدالمجيد طلسم,(+249)-912392336,am_talsam@yahoo.com,125
264,mokhalfat,,كريبر للحلول المتكاملة المحدودة,Kreber Integrated Solutions Ltd,1,الخرطوم بحري - حلة حمد - جوار فندق قصر الصداقة - مربع (5) عقار رقم 62 الطابق الثالث,http://www.creeper.com.sd,الفاتح الطيب الشيخ,249912344120+,الدرديري حسن,249912327392+,creepermining.mss@gmail.com,1
339,mokhalfat,,كفاءة للأنشطة المتعددة,Kafaah multi activities co. LT,1,الخرطوم – ام درمان – شارع العرضة جنوب القسم الأوسط,,محمد فضل المولى,912328370-0912306388,طه محمد فضل المولى,912371746,tahamfm@gmail.com,1
1974,sageer,,كلين للانشطة المتعددة المحدودة,CLEEN,1,,,-,-,-,-,,138
1847,sageer,,كمبال العالمية المحدودة,kambal,1,,,-,-,-,-,,138
494,emtiaz,,كمبال العالمية المحدودة,كمبال العالمية المحدودة,1,"الخرطوم – شارع علي عبد اللطيف-برج الفيحاء -بناية رقم 10- شقة رقم 8
بورتسودان - حي المطار - مربع  3 - عقر رقم 374",http://kico2005@maktoob.com,محمد صلاح كمبال,0912150695,نزار عبدالرحمن عثمان,0129013030,nazarabdo500@gmail.com,2
429,emtiaz,,كهرمان للأنشطة المتعددة و الإستثمار المحدودة,كهرمان للأنشطة المتعددة و الإستثمار المحدودة,1,الخرطوم 3 - جنوب نادي الأسرة,http://delmon@hotmail.com,الأمين الحسن الأمين,0123330008 -0119780044,هارون فضل,123330008,kahramaaan09123@gmail.com,130
1561,sageer,,كي أي إم للحلول المتكاملة المحدودة,KIM Integrated Solutions Ltd.,1,,,,,,,,124
1741,sageer,,كي تو للاعمال المتقدمة,K TOW FOR MINING,1,الخرطوم - منطقة,,عبدالغني عبدالكريم أبكر عشر,0912563379,الشريف محمد أحمد سيد,0123653626,dzkarraf@gmail.com,138
1903,emtiaz,RS-F1,كيلوماس المحدودة,KILOMASS CO.LTD,1,الخرطوم السوق العربي - شارع السيد عبدالرحمن,,محمد علي محمد,00966505363067,محمد علي محمد علي,0123102210 - 0912282375,info.sdn@kilomass.com,129
1562,sageer,,كيو للتنمية المحدودة,Q FOR DEVELOPMENT CO.LTD,1,الدمازين - حي الرياض -منزل 7,,احمد  امين احمد محمد اسماعيل,0024969999996,بابكر حمزة موسى,00249915046533,ahmedbeeli@gmail.com,1
315,mokhalfat,,لازارا  للأعمال المتقدمة المحدودة,Lazara for Advanced Business Ltd,1,الخرطوم - الطائف  مربع 22-غرب شارع السلام - جوار مسجد مهران,,عبد الرحمن ادريس النور,(+249)-912317966,بكري الجبار,(+249)-912328192,larazaadvanced@gmail.com,125
467,emtiaz,,لازوتين للتعدين,لازوتين للتعدين,1,الخرطوم – ابراج النصر مبنى رقم A31- الطابق السادس- شقة 601,http://welltecraco@yahoo.com,سعد الطيب احمد,912151998,مجاهد بلال طه,123013870,geonatural_sd@yahoo.com,129
423,emtiaz,,لازوتين للتعدين المحدودة,لازوتين للتعدين المحدودة,1,الخرطوم – ابراج النصر مبنى رقم A31- الطابق السادس- شقة 601,http://welltecraco@yahoo.com,سعد الطيب احمد,912151998,مجاهد بلال طه,123013870,geonatural_sd@yahoo.com,142
1891,emtiaz,,لاما للأنشطة المتعددة المحدودة.,LAMA FOR MULTIPLE ACTIVITIES CO.LTD,1,الخرطوم - شارع عبد اللله الطيب غرب شارع الستين - مبني رقم 463,,الفاتح أحمد الطاهر محمد,0910230434,الفاتح أحمد الطاهر محمد,0910230434,,129
239,mokhalfat,,لاندمارك للأنشطة المتعددة,Landmark for Multi-Activity Ltd,1,الخرطوم - قاردن ستي - عقار 123,,حافظ دوسة,0912302022,هاني محمد سالم,0912374437 -0123074437,sharwni999@gmail.com,124
512,emtiaz,,لايزون للتعدين وخدمات التعدين,لايزون للتعدين وخدمات التعدين,1,الخرطوم- الخرطوم 2 - شارع 55 - برج الزهراء شقة رقم 205,info@lizon.net,سيف الدين عمر فضل الله,918070695,هشام عمر الحاج فضل الله,914542992,,129
1563,sageer,,لمار,LIMAR,1,,,-,-,-,-,,124
495,emtiaz,,لوسيل للتعدين المحدودة,لوسيل للتعدين المحدودة,1,الخرطوم –شارع أفريقيا -تقاطع عفراء -عمارة بنك ابوظبي الاسلامي –الطابق الرابع,Lusail.mining@gmail.com,محمد سعد زين العابدين,912347580,عثمان يوسف عوض الله,912475806,Lusaimining@gmail.com,129
1458,sageer,,ليقند للتعدين,Leqand Mining,1,,,,,,,,124
1866,mokhalfat,,ماس للأعمال المتميزة المحدودة,Mas for Outstanding Business Ltd,1,الولاية الشمالية - وادي حلفا - سوق نمرة (1),,سعيد أحمد محمد الخير,0912450113,عبدالرحيم عابدين,0912450113,masmining2@gmail.com,125
1870,sageer,,ماس موتور للتعدين,Mass motor,1,,,-,-,-,-,,138
358,mokhalfat,,مامور كومرا للانشطة المتعددة,Mamor comra multi activities co.ltd,1,القضارف - قلع النحل -سالميين,,عبدالحكيم مامور  موسي,0912323408,ملاذ عادل,0964674629,mamourcomra.sd@gmail.com,1
33,entaj,,مانوب للتعدين المحدودة,Manub for mining,"1,2",السوق الكبير- بورتسودان,http://managemgroup.com,كريم هواري فلاحي,-,محمد قنديل,249912314785,g.mohamed@managemgroup.com,1
397,mokhalfat,,مبشرات لخدمات البترول,,1,,,,,,,,17
1565,sageer,,مجدى عبد الله صالح,Magdy Abdullah Saleh,1,,,-,-,-,-,mjdybdallhsalh8@gmal.com,1
1566,sageer,,محجر محمد النجومي,"Mohammed Al , Nujumi Quarry",1,,,-,-,-,-,alnojomymohame@gmail.com,1
1567,sageer,,محمد ادم عثمان,Muhammad Adam Usman,1,,,,,,,,124
1577,sageer,,محمد بابكر موسى (ملاحة دامات),Mullahat Damat,1,,,-,-,-,-,babekirmusa89@gmail.com,1
1568,sageer,,محمد صالح عبدالرحمن,Mohammed Saleh Abdulrahman,1,,,,,,,,1
299,mokhalfat,,مدن الذهب السبع للتعدين,Modan Alzahab for Mining,1,الخرطوم - المعمورة - غرب معرض جياد - كيلو 8 - عقار رقم (171) مربع (85),,عبدالمجيد طلسم,249912392336+,امير بلة محمد,249912626278+,modonalzahab@gmail.com,1
287,mokhalfat,,مرمر للمشاريع المتطورة المحدودة,Marmar for Advanced Projects Ltd,1,الخرطوم - الديم مربع (1ك) - عقار رقم (9) - شرق أبراج الشرطة بابو حمامة,,الأمين عبد المعروف,(+249)-912365085,معاذ عبدالوهاب رمضان,0912100095,,125
254,mokhalfat,,مزن للتعدين المحدودة,Muzn for Mining Ltd,1,الخرطوم - الجريف غرب مبني 23 منزل رقم 404 (بورتسودان),http://momen.jaheen@gmail.com,احمد يوسف احمد,(+249)-912307997,رشاد سليم مبروك,0129129854,momen.jaheen@gmail.com,1
1711,sageer,,مسمار للتعدين,Mosmar for mining,48,,http://mosiddigsh@gmail.com,محمد عثمان صديق,0912358506,اسيل حسين مكي,0968760120,mosiddigsh@gmail.com,138
1994,mokhalfat,313,مشروع إسكاى موتور لمعالجة مخلفات التعدين(شركة إسكاي موتور للتجارة والإستثمارالمحدودة ),SKY MOTOR FOR MIMING WASTE TREATMENT  PROJECT,1,الخرطوم - السوق العربى - عمارة عبد الرحمن عباس,,محي الدين ادم جمعه دوه,(+249)-912382086- 0123424550,محي الدين ادم جمعه دوه,(+249)-912382086- 0123424550,,125
446,emtiaz,,مشروع جبل عامر(الجنيد للأنشطة المتعددة سابقاً),مشروع جبل عامر(الجنيد للأنشطة المتعددة سابقاً),1,الخرطوم – الرياض– شارع 117 جوار رئاسة شركة الهدف,smrc,smrc,smrc,smrc,smrc,,129
398,mokhalfat,,مشروع جبل عامر - الجنيد للانشطة المتعددة (سابقآ),,1,,,,,,,,17
1977,mokhalfat,301 معالجة مسبقا,مشروع حجاجية 2 لمعالجة مخلفات التعدين التقليدي,Hajaya 2 project for treatment of traditional  Mining waste,1,الخرطوم - بحرى - كافورى مربع 28 - جوار كلية الجزيرة التقنية,,عثمان حامد عمر,(+249)-123110053,عهود عوض عثمان,(+249)-911318162,,1
267,mokhalfat,49,مشروع حجاجية 2 لمعالجة مخلفات التعدين التقليدي,Hajaya 2 project for treatment of traditional  Mining waste,1,الخرطوم - المعمورة - برج الساعة,,عثمان حامد عمر,(+249)-912311053,محمد دفع الله الأمين,(+249)-912106435,hagagia.02@gmail.com,1
1570,sageer,,مصنع التنعيم لكربونات الكالسيوم والجبص,Taneem plant for calcium carbonate and gypsum,1,,,-,-,-,-,altnaim.33@gmail.com,124
1571,sageer,,مصنع عطبرة للكيمياويات,Atbara Chemical Factory,1,,,,,,,,124
1572,sageer,,مطاحن الادريسي,Idrissi Mills,1,,,-,-,--,-,mjdeealedrese086@gmail.com,1
1712,sageer,,مطايا للأنشطة المتعددة,Mataya for Multiple Activities Co,1,,,فضل احمد فضل,00249912309044,فضل احمد فضل,00249912309044,fadolmodawi@gmail.com,138
1858,sageer,,معادن للدراسات وخدمات التعدين المحدودة,MAADEN FOR STUDIES &MINING SERVICE CO.LTD,1,,,ناجي صالح عبدالله محمود,00249912857701,حاتم عبدالمجيد المقبول,0024913177267,nsalih81@gmail.com,138
1573,sageer,,مكي الجزولي عبدالله,Makki Aljazouli Abdullah,1,,,-,-,-,-,makiabdallh.1@gmail.com,1
1575,sageer,,ملاحة اسامة حاج شرفى,Mullahat Osama Haj Sharafi,1,,,-,-,-,-,aosamahaajshrfy@gmail.com,1
1576,sageer,,ملاحة البركة,Mullahat AlBARAKA,1,,,,,,,,1
1578,sageer,,ملاحة طه كباشي(ملاحة اطعام ),Mullahat Taha Akabashi,1,,,-,-,-,-,Kbashy671@gmail.com,1
1579,sageer,,ملاحة عباس بدوى  الفكى(بلية,Mullahat Abas Badwi A lfaki,1,,,-,-,-,-,abbasbdwyalfke@gmail.com,1
1580,sageer,,ملاحطة بيطار المحدودة,Mullahat Bitar  Ltd,1,,,-,-,-,-,Bitaralamiaa78@gmail.com,1
424,emtiaz,,ملينيوم للتعدين المحدودة,Millennium Mining Co.Ltd,1,الخرطوم – حي الصفا – ش عبيد ختم – مربع 1- جنوب طلمبة النحلة مبنى رقم 440 -الطابق (الأرضي + الأول),http://millenniumsudan@yahoo.com,ابراهيم علي احمد,0912325950,الصادق جبارة الخضر,0912864263 - 0122129585,ibrahimeldaw.sd@gmail.com,2
472,emtiaz,,مناجم العالمية للتعدين المحدودة(مانوب),مناجم العالمية للتعدين المحدودة(مانوب),1,"الخرطوم -الجريف غرب مربع 80-  ش الستين- مقابل وزارة الأوقاف- مبنى رقم 158- الطابق الأرضي- شقة 2
بورتسودان - السوق الكبير - عمارة مختبرات البرج - الطابق السادس الشقة رقم 30.",http://abarro@managem-ona.com,كريم هواري فلاحي,123181823,محمد قنديل عوض,123181823,f.sheikhalden@managemgroup.com,142
1887,mokhalfat,247,منجم آل جامع للتعدين,منجم آل جامع للتعدين,1,,,علي أبكر جامع,0912445809,عادل ادم سليمان,0911417201,shrkhaljamlltdynaljam@gmail.com,125
475,emtiaz,,مهوقني للاستثمار المحدودة,مهوقني للاستثمار المحدودة,1,الخرطوم بحري – شمال شارع كسلا –جوار البنك الأهلي المصري مبني رقم 19 -22,http://mahoganymining.com,محمد الطيب الصادق,9122696997,عبدالرحمن عبدالعزيز الدرديري,0912131165,mahogany@goldenarrowsudan.com,142
357,mokhalfat,,مودرن لوجستيك للمشاريع المتطورة المحدودة(مشروع001),Project(001),1,,,تتبع لوزارة المعادن,123247654,محمد بادى,965287758,hseminingproject001@gmail.com,1
1581,sageer,,موسى حسن مختار,Moussa Hassan Mokhtar,1,,,-,-,-,-,musahasanmokhtar24@gmail.com,1
1908,mokhalfat,230,موناس للتعدين المحدودة,monassmining,1,الخرطوم بحري -المغتربين - شارع الزعيم الازهري -منزل رقم 108 (عطبرة شارع المطار- البسملة للآليات),,الوسيلة الرشيد,0912393222,حسين احمد حسين,0912333614,monassming@gmail.com,1
243,mokhalfat,,موناس للتعدين المحدودة,Monas for Mining Ltd,1,الخرطوم بحري -المغتربين -  شارع الزعيم الازهري -منزل رقم 108 (عطبرة شارع المطار- البسملة للآليات),,الوسيلة الرشيد,(+249)-912393222,حسين محمد بشر,(+249)-123093222,monassmining@gmail.com,1
58,entaj,,مياس ساند المعدنية,Meyas Sand Minerals Co.Ltd,14,الخرطوم - عمارة بنك أبوظبي الإسلامي - نفق عفراء,http://perseusmining.com,محمد عبد الحفيظ,913151224,مجدي عبد القادر,901231367,magdiorca86@yahoo.com,2
431,emtiaz,,مياس ساند المعدنية المحدودة,مياس ساند المعدنية المحدودة,"41,14",الخرطوم -العمارات -شارع 3 -مبني رقم 22,http://perseusmining.com,brent irving,901231385,محمد عبدالحفيظ,123855955,en.geologist@gmail.com,142
488,emtiaz,,مياس نوب للأنشطة المتعددة (بان سودان ريسورسز-شركة الإنتاج),مياس نوب للأنشطة المتعددة (بان سودان ريسورسز-شركة الإنتاج),1,الخرطوم بحري- كافوري مربع 11 شارع الصفوة مبنى رقم 31/7,http://osmankhider@yahoo.com,عثمان خضر,185000000,محمد عثمان البدري,185000000,geo.waelgankry@gmail.com,142
1845,sageer,,ميني بورت للتعدين,Mini port,1,,,وليد صلاح الدين الامين,09,ميساء مصطفى,0918963234,contact@mini-port.com,138
491,emtiaz,,نارس للأنشطة المتعددة المحدودة,نارس للأنشطة المتعددة المحدودة,1,الخرطوم -شارع عبد المنعم محمد- مبني رقم 53/52,http://saadalhmdeen@gmail.com,فضل احمد فضل,185000000,عثمان ادروب,185000000,narsco19@gmail.com,129
1582,sageer,,ناسا للتعدين,NASA MININIG,1,بورتسودان جوار شركة الجزيرة,,عمر أحمد ابراهيم,012314002 -0912392674,عمر أحمد ابراهيم - محمد المعز بهاء الدين,0117534523 - 092902882,omernem8@gmail.com,7
1961,sageer,,نامية للانشطة المتعددة,NAMIA,1,,,-,-,-,-,,138
262,mokhalfat,,نامية للتعدين المحدودة,Namia for Mining Ltd,1,الخرطوم بحري - كافوري - مربع (5) - (ابوحمد - الجمارك),,حافظ محمد زين,(+249)-912317353,توفيق محمد زين,(+249)-912334558,info@namia-sdg.com,1
447,emtiaz,,نبتة للجيولوجيا و التعدين المحدودة,نبتة للجيولوجيا و التعدين المحدودة,43,الخرطوم 3 – نادي الأسرة- شرق شركة زين,http://ragab.elbanna@ascom.com,رجب البنا,0249906733959,شنودة أسحاق حنا - رجب السيد محروس,0120425500 -0120425555,shenouda.isaac@ascom.com.eg,129
277,mokhalfat,,نبرا للتعدين المحدودة,Nebra for Mining Ltd,1,الخرطوم - امتداد ناصر - مربع (5) - مبنى رقم 266 - شقة رقم (3),,عبد الله موسى بخيت,(+249)-116588433,اميرة عصمت,(+249)-916191900,nanbramining@hotmail.com,125
246,mokhalfat,,نجير للتنمية المحدودة,Nageer for Development Limited,1,المعمور مربع 85 عقار رقم 171,,عبد المجيد طلسم,249912334423+,محمد عبد الله,249912334423+,nageerdev@gmail.com,1
438,emtiaz,,نجيم قولد للتعدين المحدودة,نجيم قولد للتعدين المحدودة,"2,13",الخرطوم-الجريف غرب- ش الستين- مقابل وزارة الأوقاف-مبنى رقم 158-الطابق الأرضي-شقة رقم2,http://abarro@managem-ore.com,li mengwen,907597777,chen youdong,963333366,banchunyin2021@163.com,2
272,mokhalfat,,نزار عبد الله عثمان للتعدين الصغير,Nizar Abdullah Othman for Small Mining,1,0,,نزار عبد الله عثمان,(+249)-912377746,نزار عبد الله عثمان,(+249)-912377746,,125
1583,sageer,,نصر الدين عبد الله,Nasr Aldin Abdullah,1,,,-,-,-,-,nsraldin.34@gmail.com,1
258,mokhalfat,,نوش للتعدين,Nosh for Mining Ltd,1,الخرطوم - الطائف - تقاطع شارع السلام مع شارع عبد الله الطيب (الدامر - حي الثورة - الفريق الجديد),,وليد بشير عمر,(+249)-123111178,السماني بانقا الشيخ,(+249)-912338491,nooshminingcompany61@gmail.com,1
1921,sageer,,نوش لمعالجة مخلفات التعدين,NOSH,1,,,-,-,-,-,,138
1865,entaj,,نيبون قولد المحدودة,Nippon Gold Limited,1,الولاية الشمالية محلية حلفا القديمة,,عبد الله خضر,00818063428326,أسيل مكي,0968760120,nippon@sjmidinvest.com,2
471,emtiaz,,نيلان العالمية المحدودة,نيلان العالمية المحدودة,1,الخرطوم- شارع القيادة –جوار مسجد القيادة العامة,http://Neilaninter@gmail.com,صلاح الدين حسن ابوصالح,00971501081949 - 00971501556310,يعقوب محمود محمد - سامر عبدالقادر مرسي,185000000 - 0912106000,neilaninter@gmail.com,129
284,mokhalfat,,هاس ترانسبورت إل إل سي المحدودة,Haas Transport LLC Ltd,1,,,كمال حسب الله,(+249)-123866867,كمال حسب الله,(+249)-123866867,,125
1584,sageer,,هاشم محمد بلال,Hashem Muhammad Bilal,1,بورتسودان - نادي الهلال - جوار عمارة سوداني,,هاشم محمد بلال - عبدالعظيم محمد بلال,0912350428 - 0912165602,أبوبكر الصديق عبدالعظيم,0128040142,,1
1819,sageer,,هايتك للتعدين المحدودة,h,1,,,0,0,0,0,,140
318,mokhalfat,,هايتند للانشطة المحدودة,Hytend for Activities Ltd,1,,,عبد الله,(+249)-912326426,عبد الله,(+249)-912326426,,125
502,emtiaz,,هجو للمقاولات (الدالي والمزموم لاعمال التربة والمقاولات),هجو للمقاولات (الدالي والمزموم لاعمال التربة والمقاولات),1,الخرطوم- العمارات- شارع 1 -عقار رقم 3,http://hagomining.com,عمر ادريس المصباح,912387933,عبير هشام - نجم الدين التجاني يوسف,201204113703 + - 0910514050,tariqhh@gmail.com,129
280,mokhalfat,,هديل للتعدين و معالجة مخلفات التعدين,Hadeel for Mining and Tailings Treatment,1,الخرطوم شمال,,ياسر بابكر,(+249)-912306626,علي حجاج,(+249)-122345830,,125
1459,sageer,,هزيم للتعدين,HAZIM MINING,1,الخرطوم الطائف,,محمد عطا محمد الحسن,00249912317102,حسام الدين - صالح محمد صالح,00249912360536 - 0916500898,hazeemmining@gmail.com,1
1586,sageer,,هوادونق للتعدين,HOUADONG FOR MINING,13,,,,,ووو,962863365,,124
56,entaj,,هواكان حمادي ريسورس,TIANJIN HUAKAN COMPANY LIMITED,13,الخرطوم- شارع الستين -جنوب طرمبة بشائر,,وانق,912331592,عبير,126124338,huakanhamadi2024@gmail.com,7
1873,sageer,,وادي السبائك  للانشطة المتعددة,WADI ALSBAAIK,1,,,-,-,-,-,,138
268,mokhalfat,,وادي العشار للتعدين المحدودة,Wadi Al Ashar for Mining Ltd,1,الخرطوم - الطائف - مربع 23 - فيلا رقم 29,,عمار عثمان الخضر,(+249)-912175914,محمد عثمان خلف الله,(+249)-912175914,wadeyelosharmining@outlook.com,125
289,mokhalfat,,وادي قرضاية للأنشطة المتعددة المحدودة,Wadi Karadaya for Multiple Activities Ltd,1,نهر النيل - محلية ابوحمد,,موسى محمد دابو نقير,0912330627,خالد بله حاج الطاهر,0918610008,musamohammeddabo2013@gmail.com,125
1920,sageer,,وايلد كات قولد ماينيق للتعدين,WILD CAT,1,,,-,-,-,-,,138
279,mokhalfat,,وجدي للتعدين,Wajdi for Mining Ltd,1,الخرطوم - الطائف - شارع السلام - مبنى رقم 116 - مربع 22,,ميرغني محمد الخليفة,(+249)-912306809,احمد السنوسي محمد,(+249)-111689333,moslihsanosi@gmail.com,125
503,emtiaz,,ود الجمالي للانشطة المتعددة,ود الجمالي للانشطة المتعددة,1,الخرطوم بري قاردن سيتي منزل رقم 66 برج الحجاز,www.Wdalgamalymining.com,عثمان حسين حجازي ,183000000,محمد النور الحاج,911025805,,129
1730,sageer,,ود الكرف للانشطة المتعددة المحدودة,wadalkaraf Multi-Activites C0.Ltd,1,عمارة الصباح مكتب رقم 3,,ناصر محمد يعقوب اسحاق,912313481- 0097150747293,مهاب كمال عثمان  - حاتم عبدالمجيد المقبول,9111117228 - 0913177267,myshaddad@hotmail.com,2
1919,sageer,,ود الناظر الذهبية للانشطة المتعددة المحدودة,WAD ALNAZIR,1,"دنقلا - الدرجة الثالثة -مربع (11) عقار رقم (3,9).",,علي ادم حسن نمر,0912151975 - 0123155533,محمد ادم حسن,0119680521,alnazierwad@gmail.com,138
1834,mokhalfat,,ود حامد للتعدين,Wad Hamid for Mining,1,,,علي بله حامد,0912300593,محمد خير عبدالكريم - محمدجار النبي أحمد,0912383958 - 0912581532,wadhamedmining2024@gmail.com,125
1732,sageer,,وديدة للتعدين,wadida for mining,1,الخرطوم شارع الستين  مع عبدالله الطيب,,كمال ابراهيم محمد,(92) 637-7777,محمد بخيت محمد,(90) 094-0091,wadida22@gmail.com,138
320,mokhalfat,,وضاح صالح للتعدين,Waddah Saleh for Mining,1,الولاية الشمالية - دلقو,,وضاح صالح,249912309397+,زينب محمد عبدالحفيظ,0915306996,waddahformining@gmail.com,125
1733,sageer,,وقر للتعدين,WAGGER FOR MINING,1,,,محمود حسن عبدالجبار,0912185288,عبدالله يعقوب,0900837373,wagarmining8@gmail.com,125
427,emtiaz,,ولاية البحر الأحمر (الرضا للتعدين),ولاية البحر الأحمر (الرضا للتعدين),1,الخرطوم بحري- كافوري--شارع الصناعات-  مربع 2- شارع كافوري وسط- جوار شركة النيل الأزرق للأدوية- الطابق الثالث,http://sudan@gov.sd,امانة حكومة ولاية البحر الأحمر/محمد هاشم عمر,185000000 - 2010550593528,محمد محمددين محمد طاهر,0912290066 - 0128405000,alreadamining@gmail.com,2
466,emtiaz,,ولاية البحر الاحمر,ولاية البحر الاحمر,1,ولاية البحر الأحمر – بورتسودان – رئاسة أمانة الحكومة,motabaa2020@yahoo.com,امانة حكومة ولاية البحر الاحمر,185000000,امانة حكومة ولاية البحر الاحمر,185000000,,129
453,emtiaz,,ولاية الجزيرة,ولاية الجزيرة,1,ولاية الجزيرة - مدني - شارع النيل - وزارة التخطيط العمراني - جوار قصر الضيافة,sudan.gov.sd,امانة حكومة ولاية الجزيرة,185000000,امانة حكومة ولاية الجزيرة,185000000,,129
454,emtiaz,,ولاية الخرطوم,ولاية الخرطوم,1,الخرطوم – شارع افريقيا- وزارة الصناعة والإستثمار,sudan.gov.sd,امانة حكومة ولاية الخرطوم,185000000,امانة حكومة ولاية الخرطوم,185000000,,129
414,emtiaz,,ولاية القضارف,ولاية القضارف,1,القضارف - وزارة التخطيط العمراني - شارع الوزارات,urbangadarf@hotmail.com,امانة حكومة ولاية القضارف,154883802,امانة حكومة ولاية القضارف,154883802,,129
463,emtiaz,,ولاية النيل الأزرق,ولاية النيل الأزرق,1,ولاية النيل الأزرق – الدمازين – وزارة المالية والإقتصاد والتنمية – إدارة الصناعة والتعدين,sudan.gov.sd,امانة حكومة ولاية النيل الازرق,185000000,امانة حكومة ولاية النيل الازرق,185000000,,129
455,emtiaz,,ولاية النيل الأزرق,ولاية النيل الأزرق,1,ولاية النيل الأزرق – الدمازين – وزارة المالية والإقتصاد والتنمية – إدارة الصناعة والتعدين,sudan.gov.sd,امانة حكومة ولاية النيل الازرق,185000000,امانة حكومة ولاية النيل الازرق,185000000,,129
457,emtiaz,,ولاية جنوب دارفور,ولاية جنوب دارفور,1,ولاية جنوب دارفور – مبنى الولاية- مكتب الإستثمار,sudan.gov.sd,امانة حكومة ولاية جنوب دار فور,185000000,امانة حكومة ولاية جنوب دار فور,185000000,,129
470,emtiaz,,ولاية جنوب كردفان,ولاية جنوب كردفان,1,الخرطوم -العمارات شارع 29 - مربع 38,http://algdail2me@gmail.com,حكومة ولاية غرب كردفان/ طارق عمر محمد عمر,0123046106,حكومة ولاية غرب كردفان/طارق عمر محمد عمر,0123046106,omersidAhmed72@gmail.com,129
441,emtiaz,,ولاية شمال كردفان,ولاية شمال كردفان,1,ولاية شمال كردفان – الأبيض- وزارة الموارد المائية والصناعة والتعدين,http://sudan.gov.sd,امانة حكومة ولاية شمال كردفان,185000000,امانة حكومة ولاية شمال كردفان,185000000,,129
456,emtiaz,,ولاية غرب دارفور,ولاية غرب دارفور,1,ولاية غرب دارفور- الجنينة- وزارة التخطيط العمراني,sudan.gov.sd,امانة حكومة ولاية غرب دارفور,185000000,امانة حكومة ولاية غرب دارفور,185000000,,129
461,emtiaz,,ولاية غرب كردفان,ولاية غرب كردفان,1,ولاية غرب كردفان – الفولة – وزارة المالية,http://westkordofanstate@outlook.com,امانة حكومة ولاية غرب كردفان,185000000,امانة حكومة ولاية غرب كردفان,185000000,demo@smrc.sd,129
460,emtiaz,,ولاية غرب كردفان,ولاية غرب كردفان,1,ولاية غرب كردفان – الفولة – وزارة المالية,http://westkordofanstate@outlook.com,امانة حكومة ولاية غرب كردفان,185000000,امانة حكومة ولاية غرب كردفان,185000000,,129
1736,sageer,,ويسترون للتجارة,WESTERN FOR TRADE & INDUSTRY CO. LTD,1,الولاية الشمالية دنقلا,,وليد محمد احمد عمر,00249123206688,محمد الفاتح علي حسن,00249912471338,westrntradeindustry@gmail.com,138
1735,sageer,,وي لينك للأنشطة المتعددة,WeLink for multi-activity,1,,,إدريس عثمان عبد الوهاب,0912210298,مجدي محمد عثمان,09090902222,,138
310,mokhalfat,,وي لينك للانشطة المتعددة,WeLink for Multiple Activities Ltd,1,الخرطوم - أبراج النيلين - برج (82) - شقة رقم (802) - (عطبرة -عمارة البحاري),http://www.welink-sd.com,إدريس عثمان عبد الوهاب,249912210296+,مجدي محمد عثمان,0909092222 - 0121416151,welink2004@gmail.com,1
265,mokhalfat,,يونميكس للانشطة المتعددة,Unmix for Multi-Activity Ltd,1,أركويت مربع (5) عقار رقم 449 الطابق الاول,http://www.Deepertrading.com,عمرو علي المادح,(+249)-912351478,خالد يوسف موسى - محمد عثمان عيسي,(+249)-914625500 - 0912840699,amro.elmadeh@deepertrading.com,1
